﻿napr	period	nastranapr	tnved	edizm	Stoim	Netto	Kol	Region	Region_s
ЭК	05/2021	GB	2709009009		17696256,53	35030000	0	11100 - НЕНЕЦКИЙ АВТОНОМНЫЙ ОКРУГ (АРХАНГЕЛЬСКАЯ ОБЛАСТЬ)	02-СЕВЕРО-ЗАПАДНЫЙ ФЕДЕРАЛЬНЫЙ ОКРУГ
ЭК	01/2021	GB	2709009009		3870150,1	9937000	0	11100 - НЕНЕЦКИЙ АВТОНОМНЫЙ ОКРУГ (АРХАНГЕЛЬСКАЯ ОБЛАСТЬ)	02-СЕВЕРО-ЗАПАДНЫЙ ФЕДЕРАЛЬНЫЙ ОКРУГ
ЭК	10/2021	FI	2709009009		20291733,38	39975785	0	11100 - НЕНЕЦКИЙ АВТОНОМНЫЙ ОКРУГ (АРХАНГЕЛЬСКАЯ ОБЛАСТЬ)	02-СЕВЕРО-ЗАПАДНЫЙ ФЕДЕРАЛЬНЫЙ ОКРУГ
ЭК	08/2021	US	2709009009		19053384,11	34032000	0	11100 - НЕНЕЦКИЙ АВТОНОМНЫЙ ОКРУГ (АРХАНГЕЛЬСКАЯ ОБЛАСТЬ)	02-СЕВЕРО-ЗАПАДНЫЙ ФЕДЕРАЛЬНЫЙ ОКРУГ
ЭК	07/2021	US	2709009009		23980415,84	41527000	0	11100 - НЕНЕЦКИЙ АВТОНОМНЫЙ ОКРУГ (АРХАНГЕЛЬСКАЯ ОБЛАСТЬ)	02-СЕВЕРО-ЗАПАДНЫЙ ФЕДЕРАЛЬНЫЙ ОКРУГ
ЭК	06/2021	US	2709009009		11259389,6	22014000	0	11100 - НЕНЕЦКИЙ АВТОНОМНЫЙ ОКРУГ (АРХАНГЕЛЬСКАЯ ОБЛАСТЬ)	02-СЕВЕРО-ЗАПАДНЫЙ ФЕДЕРАЛЬНЫЙ ОКРУГ
ЭК	05/2021	NL	2709009009		21298797,76	48245538	0	11100 - НЕНЕЦКИЙ АВТОНОМНЫЙ ОКРУГ (АРХАНГЕЛЬСКАЯ ОБЛАСТЬ)	02-СЕВЕРО-ЗАПАДНЫЙ ФЕДЕРАЛЬНЫЙ ОКРУГ
ИМ	08/2021	FI	8430200000	796	6268	3080	4	11100 - НЕНЕЦКИЙ АВТОНОМНЫЙ ОКРУГ (АРХАНГЕЛЬСКАЯ ОБЛАСТЬ)	02-СЕВЕРО-ЗАПАДНЫЙ ФЕДЕРАЛЬНЫЙ ОКРУГ
ЭК	11/2021	NL	0306141000		928183,17	9527,64	0	11100 - НЕНЕЦКИЙ АВТОНОМНЫЙ ОКРУГ (АРХАНГЕЛЬСКАЯ ОБЛАСТЬ)	02-СЕВЕРО-ЗАПАДНЫЙ ФЕДЕРАЛЬНЫЙ ОКРУГ
ЭК	12/2021	NL	0303631000		654342,9	198368	0	11100 - НЕНЕЦКИЙ АВТОНОМНЫЙ ОКРУГ (АРХАНГЕЛЬСКАЯ ОБЛАСТЬ)	02-СЕВЕРО-ЗАПАДНЫЙ ФЕДЕРАЛЬНЫЙ ОКРУГ
ЭК	04/2021	NL	0303631000		1606428,94	596816,324	0	11100 - НЕНЕЦКИЙ АВТОНОМНЫЙ ОКРУГ (АРХАНГЕЛЬСКАЯ ОБЛАСТЬ)	02-СЕВЕРО-ЗАПАДНЫЙ ФЕДЕРАЛЬНЫЙ ОКРУГ
ЭК	01/2021	NL	0303631000		446144,08	167809,64	0	11100 - НЕНЕЦКИЙ АВТОНОМНЫЙ ОКРУГ (АРХАНГЕЛЬСКАЯ ОБЛАСТЬ)	02-СЕВЕРО-ЗАПАДНЫЙ ФЕДЕРАЛЬНЫЙ ОКРУГ
ЭК	07/2021	NL	0303640000		152614	69370	0	11100 - НЕНЕЦКИЙ АВТОНОМНЫЙ ОКРУГ (АРХАНГЕЛЬСКАЯ ОБЛАСТЬ)	02-СЕВЕРО-ЗАПАДНЫЙ ФЕДЕРАЛЬНЫЙ ОКРУГ
ЭК	11/2021	NL	2709009009		59928758,83	100905086	0	11100 - НЕНЕЦКИЙ АВТОНОМНЫЙ ОКРУГ (АРХАНГЕЛЬСКАЯ ОБЛАСТЬ)	02-СЕВЕРО-ЗАПАДНЫЙ ФЕДЕРАЛЬНЫЙ ОКРУГ
ЭК	07/2021	NL	2709009009		66330521,09	128731809	0	11100 - НЕНЕЦКИЙ АВТОНОМНЫЙ ОКРУГ (АРХАНГЕЛЬСКАЯ ОБЛАСТЬ)	02-СЕВЕРО-ЗАПАДНЫЙ ФЕДЕРАЛЬНЫЙ ОКРУГ
ЭК	12/2021	IT	2709009009		20048707,12	34726000	0	11100 - НЕНЕЦКИЙ АВТОНОМНЫЙ ОКРУГ (АРХАНГЕЛЬСКАЯ ОБЛАСТЬ)	02-СЕВЕРО-ЗАПАДНЫЙ ФЕДЕРАЛЬНЫЙ ОКРУГ
ЭК	08/2021	IT	2709009009		7927796,09	15009000	0	11100 - НЕНЕЦКИЙ АВТОНОМНЫЙ ОКРУГ (АРХАНГЕЛЬСКАЯ ОБЛАСТЬ)	02-СЕВЕРО-ЗАПАДНЫЙ ФЕДЕРАЛЬНЫЙ ОКРУГ
ЭК	11/2021	US	2709009009		4688494,69	7406000	0	11100 - НЕНЕЦКИЙ АВТОНОМНЫЙ ОКРУГ (АРХАНГЕЛЬСКАЯ ОБЛАСТЬ)	02-СЕВЕРО-ЗАПАДНЫЙ ФЕДЕРАЛЬНЫЙ ОКРУГ
ЭК	02/2021	US	2709009009		42078706,89	91690000	0	11100 - НЕНЕЦКИЙ АВТОНОМНЫЙ ОКРУГ (АРХАНГЕЛЬСКАЯ ОБЛАСТЬ)	02-СЕВЕРО-ЗАПАДНЫЙ ФЕДЕРАЛЬНЫЙ ОКРУГ
ИМ	03/2021	GB	7616991008		3150,72	27,2	0	11100 - НЕНЕЦКИЙ АВТОНОМНЫЙ ОКРУГ (АРХАНГЕЛЬСКАЯ ОБЛАСТЬ)	02-СЕВЕРО-ЗАПАДНЫЙ ФЕДЕРАЛЬНЫЙ ОКРУГ
ЭК	06/2021	GB	2709009009		25698112,02	49070000	0	11100 - НЕНЕЦКИЙ АВТОНОМНЫЙ ОКРУГ (АРХАНГЕЛЬСКАЯ ОБЛАСТЬ)	02-СЕВЕРО-ЗАПАДНЫЙ ФЕДЕРАЛЬНЫЙ ОКРУГ
ЭК	06/2021	NL	2709009009		83334601,04	179556040	0	11100 - НЕНЕЦКИЙ АВТОНОМНЫЙ ОКРУГ (АРХАНГЕЛЬСКАЯ ОБЛАСТЬ)	02-СЕВЕРО-ЗАПАДНЫЙ ФЕДЕРАЛЬНЫЙ ОКРУГ
ЭК	04/2021	FI	4103900000		36357,66	37016,35	0	11100 - НЕНЕЦКИЙ АВТОНОМНЫЙ ОКРУГ (АРХАНГЕЛЬСКАЯ ОБЛАСТЬ)	02-СЕВЕРО-ЗАПАДНЫЙ ФЕДЕРАЛЬНЫЙ ОКРУГ
ИМ	05/2021	FI	4302199590		30143,27	1810	0	11100 - НЕНЕЦКИЙ АВТОНОМНЫЙ ОКРУГ (АРХАНГЕЛЬСКАЯ ОБЛАСТЬ)	02-СЕВЕРО-ЗАПАДНЫЙ ФЕДЕРАЛЬНЫЙ ОКРУГ
ИМ	03/2021	GB	7402000000		4328,38	82	0	11100 - НЕНЕЦКИЙ АВТОНОМНЫЙ ОКРУГ (АРХАНГЕЛЬСКАЯ ОБЛАСТЬ)	02-СЕВЕРО-ЗАПАДНЫЙ ФЕДЕРАЛЬНЫЙ ОКРУГ
ЭК	08/2021	NL	0303640000		47410	21550	0	11100 - НЕНЕЦКИЙ АВТОНОМНЫЙ ОКРУГ (АРХАНГЕЛЬСКАЯ ОБЛАСТЬ)	02-СЕВЕРО-ЗАПАДНЫЙ ФЕДЕРАЛЬНЫЙ ОКРУГ
ЭК	05/2021	NL	0303631000		1130650,71	415369,185	0	11100 - НЕНЕЦКИЙ АВТОНОМНЫЙ ОКРУГ (АРХАНГЕЛЬСКАЯ ОБЛАСТЬ)	02-СЕВЕРО-ЗАПАДНЫЙ ФЕДЕРАЛЬНЫЙ ОКРУГ
ИМ	12/2021	NO	8902001000	796	5982986,58	1479400	1	11100 - НЕНЕЦКИЙ АВТОНОМНЫЙ ОКРУГ (АРХАНГЕЛЬСКАЯ ОБЛАСТЬ)	02-СЕВЕРО-ЗАПАДНЫЙ ФЕДЕРАЛЬНЫЙ ОКРУГ
ИМ	08/2021	FI	8701300001	796	79412,56	15320	2	11100 - НЕНЕЦКИЙ АВТОНОМНЫЙ ОКРУГ (АРХАНГЕЛЬСКАЯ ОБЛАСТЬ)	02-СЕВЕРО-ЗАПАДНЫЙ ФЕДЕРАЛЬНЫЙ ОКРУГ
ЭК	10/2021	US	2709009009		20279326,61	32060000	0	11100 - НЕНЕЦКИЙ АВТОНОМНЫЙ ОКРУГ (АРХАНГЕЛЬСКАЯ ОБЛАСТЬ)	02-СЕВЕРО-ЗАПАДНЫЙ ФЕДЕРАЛЬНЫЙ ОКРУГ
ЭК	01/2021	US	2709009009		17191302,07	45331000	0	11100 - НЕНЕЦКИЙ АВТОНОМНЫЙ ОКРУГ (АРХАНГЕЛЬСКАЯ ОБЛАСТЬ)	02-СЕВЕРО-ЗАПАДНЫЙ ФЕДЕРАЛЬНЫЙ ОКРУГ
ЭК	11/2021	PL	2709009009		23092442,57	40326131	0	11100 - НЕНЕЦКИЙ АВТОНОМНЫЙ ОКРУГ (АРХАНГЕЛЬСКАЯ ОБЛАСТЬ)	02-СЕВЕРО-ЗАПАДНЫЙ ФЕДЕРАЛЬНЫЙ ОКРУГ
ЭК	10/2021	NL	2709009009		43170251,94	79041768	0	11100 - НЕНЕЦКИЙ АВТОНОМНЫЙ ОКРУГ (АРХАНГЕЛЬСКАЯ ОБЛАСТЬ)	02-СЕВЕРО-ЗАПАДНЫЙ ФЕДЕРАЛЬНЫЙ ОКРУГ
ЭК	01/2021	FI	2709009009		16495178,45	48481513	0	11100 - НЕНЕЦКИЙ АВТОНОМНЫЙ ОКРУГ (АРХАНГЕЛЬСКАЯ ОБЛАСТЬ)	02-СЕВЕРО-ЗАПАДНЫЙ ФЕДЕРАЛЬНЫЙ ОКРУГ
ЭК	03/2021	NL	2709009009		40652414,76	94006977	0	11100 - НЕНЕЦКИЙ АВТОНОМНЫЙ ОКРУГ (АРХАНГЕЛЬСКАЯ ОБЛАСТЬ)	02-СЕВЕРО-ЗАПАДНЫЙ ФЕДЕРАЛЬНЫЙ ОКРУГ
ЭК	11/2021	IT	2709009009		24164288,04	38410000	0	11100 - НЕНЕЦКИЙ АВТОНОМНЫЙ ОКРУГ (АРХАНГЕЛЬСКАЯ ОБЛАСТЬ)	02-СЕВЕРО-ЗАПАДНЫЙ ФЕДЕРАЛЬНЫЙ ОКРУГ
ЭК	07/2021	IT	2709009009		21362998,34	37024000	0	11100 - НЕНЕЦКИЙ АВТОНОМНЫЙ ОКРУГ (АРХАНГЕЛЬСКАЯ ОБЛАСТЬ)	02-СЕВЕРО-ЗАПАДНЫЙ ФЕДЕРАЛЬНЫЙ ОКРУГ
ЭК	06/2021	IT	2709009009		8184276,3	15508000	0	11100 - НЕНЕЦКИЙ АВТОНОМНЫЙ ОКРУГ (АРХАНГЕЛЬСКАЯ ОБЛАСТЬ)	02-СЕВЕРО-ЗАПАДНЫЙ ФЕДЕРАЛЬНЫЙ ОКРУГ
ЭК	04/2021	IT	2709009009		46126811,74	105032024	0	11100 - НЕНЕЦКИЙ АВТОНОМНЫЙ ОКРУГ (АРХАНГЕЛЬСКАЯ ОБЛАСТЬ)	02-СЕВЕРО-ЗАПАДНЫЙ ФЕДЕРАЛЬНЫЙ ОКРУГ
ЭК	03/2021	IT	2709009009		17644258,15	36543000	0	11100 - НЕНЕЦКИЙ АВТОНОМНЫЙ ОКРУГ (АРХАНГЕЛЬСКАЯ ОБЛАСТЬ)	02-СЕВЕРО-ЗАПАДНЫЙ ФЕДЕРАЛЬНЫЙ ОКРУГ
ЭК	09/2021	US	2709009009		18603320,16	34011000	0	11100 - НЕНЕЦКИЙ АВТОНОМНЫЙ ОКРУГ (АРХАНГЕЛЬСКАЯ ОБЛАСТЬ)	02-СЕВЕРО-ЗАПАДНЫЙ ФЕДЕРАЛЬНЫЙ ОКРУГ
ЭК	05/2021	US	2709009009		22330813,51	45848000	0	11100 - НЕНЕЦКИЙ АВТОНОМНЫЙ ОКРУГ (АРХАНГЕЛЬСКАЯ ОБЛАСТЬ)	02-СЕВЕРО-ЗАПАДНЫЙ ФЕДЕРАЛЬНЫЙ ОКРУГ
ЭК	03/2021	US	2709009009		5857839,65	12761000	0	11100 - НЕНЕЦКИЙ АВТОНОМНЫЙ ОКРУГ (АРХАНГЕЛЬСКАЯ ОБЛАСТЬ)	02-СЕВЕРО-ЗАПАДНЫЙ ФЕДЕРАЛЬНЫЙ ОКРУГ
ЭК	09/2021	NL	2709009009		77609093,88	149744419	0	11100 - НЕНЕЦКИЙ АВТОНОМНЫЙ ОКРУГ (АРХАНГЕЛЬСКАЯ ОБЛАСТЬ)	02-СЕВЕРО-ЗАПАДНЫЙ ФЕДЕРАЛЬНЫЙ ОКРУГ
ЭК	07/2021	GB	2709009009		4252309,72	7804000	0	11100 - НЕНЕЦКИЙ АВТОНОМНЫЙ ОКРУГ (АРХАНГЕЛЬСКАЯ ОБЛАСТЬ)	02-СЕВЕРО-ЗАПАДНЫЙ ФЕДЕРАЛЬНЫЙ ОКРУГ
ЭК	04/2021	NL	0303640000		250877,72	127275,344	0	11100 - НЕНЕЦКИЙ АВТОНОМНЫЙ ОКРУГ (АРХАНГЕЛЬСКАЯ ОБЛАСТЬ)	02-СЕВЕРО-ЗАПАДНЫЙ ФЕДЕРАЛЬНЫЙ ОКРУГ
ЭК	03/2021	NL	0303640000		117443,2	73402	0	11100 - НЕНЕЦКИЙ АВТОНОМНЫЙ ОКРУГ (АРХАНГЕЛЬСКАЯ ОБЛАСТЬ)	02-СЕВЕРО-ЗАПАДНЫЙ ФЕДЕРАЛЬНЫЙ ОКРУГ
ЭК	10/2021	NL	0303640000		1069549	484574	0	11100 - НЕНЕЦКИЙ АВТОНОМНЫЙ ОКРУГ (АРХАНГЕЛЬСКАЯ ОБЛАСТЬ)	02-СЕВЕРО-ЗАПАДНЫЙ ФЕДЕРАЛЬНЫЙ ОКРУГ
ЭК	10/2021	NL	0303631000		907427,83	282089,15	0	11100 - НЕНЕЦКИЙ АВТОНОМНЫЙ ОКРУГ (АРХАНГЕЛЬСКАЯ ОБЛАСТЬ)	02-СЕВЕРО-ЗАПАДНЫЙ ФЕДЕРАЛЬНЫЙ ОКРУГ
ЭК	07/2021	NL	0303631000		2464691,6	857876	0	11100 - НЕНЕЦКИЙ АВТОНОМНЫЙ ОКРУГ (АРХАНГЕЛЬСКАЯ ОБЛАСТЬ)	02-СЕВЕРО-ЗАПАДНЫЙ ФЕДЕРАЛЬНЫЙ ОКРУГ
ЭК	03/2021	NL	0303631000		1202786,8	431514	0	11100 - НЕНЕЦКИЙ АВТОНОМНЫЙ ОКРУГ (АРХАНГЕЛЬСКАЯ ОБЛАСТЬ)	02-СЕВЕРО-ЗАПАДНЫЙ ФЕДЕРАЛЬНЫЙ ОКРУГ
ЭК	02/2021	NL	2709009009		40315195,38	108349395	0	11100 - НЕНЕЦКИЙ АВТОНОМНЫЙ ОКРУГ (АРХАНГЕЛЬСКАЯ ОБЛАСТЬ)	02-СЕВЕРО-ЗАПАДНЫЙ ФЕДЕРАЛЬНЫЙ ОКРУГ
ЭК	01/2021	TR	2709009009		26450155,89	82446294	0	11100 - НЕНЕЦКИЙ АВТОНОМНЫЙ ОКРУГ (АРХАНГЕЛЬСКАЯ ОБЛАСТЬ)	02-СЕВЕРО-ЗАПАДНЫЙ ФЕДЕРАЛЬНЫЙ ОКРУГ
ЭК	08/2021	NL	2709009009		36409036,43	70497106	0	11100 - НЕНЕЦКИЙ АВТОНОМНЫЙ ОКРУГ (АРХАНГЕЛЬСКАЯ ОБЛАСТЬ)	02-СЕВЕРО-ЗАПАДНЫЙ ФЕДЕРАЛЬНЫЙ ОКРУГ
ИМ	05/2021	FI	4106920000	796	16933,99	190	882	11100 - НЕНЕЦКИЙ АВТОНОМНЫЙ ОКРУГ (АРХАНГЕЛЬСКАЯ ОБЛАСТЬ)	02-СЕВЕРО-ЗАПАДНЫЙ ФЕДЕРАЛЬНЫЙ ОКРУГ
ИМ	03/2021	TR	4016930005		894,7	0,73	0	11100 - НЕНЕЦКИЙ АВТОНОМНЫЙ ОКРУГ (АРХАНГЕЛЬСКАЯ ОБЛАСТЬ)	02-СЕВЕРО-ЗАПАДНЫЙ ФЕДЕРАЛЬНЫЙ ОКРУГ
ЭК	10/2021	TR	2709009009		29589344,68	60032507	0	11100 - НЕНЕЦКИЙ АВТОНОМНЫЙ ОКРУГ (АРХАНГЕЛЬСКАЯ ОБЛАСТЬ)	02-СЕВЕРО-ЗАПАДНЫЙ ФЕДЕРАЛЬНЫЙ ОКРУГ
ЭК	12/2021	NL	2709009009		19894728,64	32720000	0	11100 - НЕНЕЦКИЙ АВТОНОМНЫЙ ОКРУГ (АРХАНГЕЛЬСКАЯ ОБЛАСТЬ)	02-СЕВЕРО-ЗАПАДНЫЙ ФЕДЕРАЛЬНЫЙ ОКРУГ
ЭК	03/2021	GB	2709009009		25842946,36	53102000	0	11100 - НЕНЕЦКИЙ АВТОНОМНЫЙ ОКРУГ (АРХАНГЕЛЬСКАЯ ОБЛАСТЬ)	02-СЕВЕРО-ЗАПАДНЫЙ ФЕДЕРАЛЬНЫЙ ОКРУГ
ЭК	12/2021	FI	2709009009		21671937,19	38799080	0	11100 - НЕНЕЦКИЙ АВТОНОМНЫЙ ОКРУГ (АРХАНГЕЛЬСКАЯ ОБЛАСТЬ)	02-СЕВЕРО-ЗАПАДНЫЙ ФЕДЕРАЛЬНЫЙ ОКРУГ
ЭК	01/2021	CN	2709009009		3471690,47	8407000	0	11100 - НЕНЕЦКИЙ АВТОНОМНЫЙ ОКРУГ (АРХАНГЕЛЬСКАЯ ОБЛАСТЬ)	02-СЕВЕРО-ЗАПАДНЫЙ ФЕДЕРАЛЬНЫЙ ОКРУГ
ЭК	04/2021	NL	2709009009		34790670,35	77102248	0	11100 - НЕНЕЦКИЙ АВТОНОМНЫЙ ОКРУГ (АРХАНГЕЛЬСКАЯ ОБЛАСТЬ)	02-СЕВЕРО-ЗАПАДНЫЙ ФЕДЕРАЛЬНЫЙ ОКРУГ
ИМ	05/2021	SE	8538909100		6061,83	1,25	0	11100 - НЕНЕЦКИЙ АВТОНОМНЫЙ ОКРУГ (АРХАНГЕЛЬСКАЯ ОБЛАСТЬ)	02-СЕВЕРО-ЗАПАДНЫЙ ФЕДЕРАЛЬНЫЙ ОКРУГ
ЭК	05/2021	FI	4103900000		6360,41	7889,6	0	11100 - НЕНЕЦКИЙ АВТОНОМНЫЙ ОКРУГ (АРХАНГЕЛЬСКАЯ ОБЛАСТЬ)	02-СЕВЕРО-ЗАПАДНЫЙ ФЕДЕРАЛЬНЫЙ ОКРУГ
ИМ	12/2021	DE	8483908909		3256,3	17	0	11100 - НЕНЕЦКИЙ АВТОНОМНЫЙ ОКРУГ (АРХАНГЕЛЬСКАЯ ОБЛАСТЬ)	02-СЕВЕРО-ЗАПАДНЫЙ ФЕДЕРАЛЬНЫЙ ОКРУГ
ЭК	08/2021	NL	0303631000		2501822,2	841432	0	11100 - НЕНЕЦКИЙ АВТОНОМНЫЙ ОКРУГ (АРХАНГЕЛЬСКАЯ ОБЛАСТЬ)	02-СЕВЕРО-ЗАПАДНЫЙ ФЕДЕРАЛЬНЫЙ ОКРУГ
ЭК	10/2021	IT	2709009009		17821978,22	30029000	0	11100 - НЕНЕЦКИЙ АВТОНОМНЫЙ ОКРУГ (АРХАНГЕЛЬСКАЯ ОБЛАСТЬ)	02-СЕВЕРО-ЗАПАДНЫЙ ФЕДЕРАЛЬНЫЙ ОКРУГ
ЭК	04/2021	US	2709009009		10567487,85	23021000	0	11100 - НЕНЕЦКИЙ АВТОНОМНЫЙ ОКРУГ (АРХАНГЕЛЬСКАЯ ОБЛАСТЬ)	02-СЕВЕРО-ЗАПАДНЫЙ ФЕДЕРАЛЬНЫЙ ОКРУГ
ЭК	12/2021	GB	2709009009		4814536,16	8705000	0	11100 - НЕНЕЦКИЙ АВТОНОМНЫЙ ОКРУГ (АРХАНГЕЛЬСКАЯ ОБЛАСТЬ)	02-СЕВЕРО-ЗАПАДНЫЙ ФЕДЕРАЛЬНЫЙ ОКРУГ
ЭК	12/2021	NL	0303640000		255157	105438	0	11100 - НЕНЕЦКИЙ АВТОНОМНЫЙ ОКРУГ (АРХАНГЕЛЬСКАЯ ОБЛАСТЬ)	02-СЕВЕРО-ЗАПАДНЫЙ ФЕДЕРАЛЬНЫЙ ОКРУГ