﻿napr	period	nastranapr	tnved	edizm	Stoim	Netto	Kol	Region	Region_s
ЭК	12/2021	IR	XXXXXXXXXX		3534,03	40020	0	85000 - РЕСПУБЛИКА КАЛМЫКИЯ	03-ЮЖНЫЙ ФЕДЕРАЛЬНЫЙ ОКРУГ
ЭК	05/2021	IR	XXXXXXXXXX		26983,09	100000	0	85000 - РЕСПУБЛИКА КАЛМЫКИЯ	03-ЮЖНЫЙ ФЕДЕРАЛЬНЫЙ ОКРУГ
ЭК	07/2021	IR	XXXXXXXXXX		31683,51	10500	0	85000 - РЕСПУБЛИКА КАЛМЫКИЯ	03-ЮЖНЫЙ ФЕДЕРАЛЬНЫЙ ОКРУГ
ЭК	01/2021	IR	XXXXXXXXXX		7871,09	2666	0	85000 - РЕСПУБЛИКА КАЛМЫКИЯ	03-ЮЖНЫЙ ФЕДЕРАЛЬНЫЙ ОКРУГ
ЭК	03/2021	IR	XXXXXXXXXX		31319,97	10463,66	0	85000 - РЕСПУБЛИКА КАЛМЫКИЯ	03-ЮЖНЫЙ ФЕДЕРАЛЬНЫЙ ОКРУГ
ЭК	07/2021	KZ	2203000100	112	3044,33	12690	12690	85000 - РЕСПУБЛИКА КАЛМЫКИЯ	03-ЮЖНЫЙ ФЕДЕРАЛЬНЫЙ ОКРУГ
ЭК	03/2021	BY	2203000100	112	4543	13411,44	13532,4	85000 - РЕСПУБЛИКА КАЛМЫКИЯ	03-ЮЖНЫЙ ФЕДЕРАЛЬНЫЙ ОКРУГ
ИМ	03/2021	KZ	2501009190		4492,63	66000	0	85000 - РЕСПУБЛИКА КАЛМЫКИЯ	03-ЮЖНЫЙ ФЕДЕРАЛЬНЫЙ ОКРУГ
ЭК	08/2021	GB	2203000100	112	15650,34	29122,632	28274,4	85000 - РЕСПУБЛИКА КАЛМЫКИЯ	03-ЮЖНЫЙ ФЕДЕРАЛЬНЫЙ ОКРУГ
ИМ	06/2021	PT	6403999800	715	5480,29	85,79	110	85000 - РЕСПУБЛИКА КАЛМЫКИЯ	03-ЮЖНЫЙ ФЕДЕРАЛЬНЫЙ ОКРУГ
ИМ	03/2021	PT	6403999800	715	9981,8	153,37	213	85000 - РЕСПУБЛИКА КАЛМЫКИЯ	03-ЮЖНЫЙ ФЕДЕРАЛЬНЫЙ ОКРУГ
ИМ	04/2021	PT	6402999800	715	1452,88	21,493	32	85000 - РЕСПУБЛИКА КАЛМЫКИЯ	03-ЮЖНЫЙ ФЕДЕРАЛЬНЫЙ ОКРУГ
ИМ	06/2021	RO	6404199000	715	284,18	4,3	5	85000 - РЕСПУБЛИКА КАЛМЫКИЯ	03-ЮЖНЫЙ ФЕДЕРАЛЬНЫЙ ОКРУГ
ЭК	11/2021	HK	4302110010	796	5689,6	78,5	640	85000 - РЕСПУБЛИКА КАЛМЫКИЯ	03-ЮЖНЫЙ ФЕДЕРАЛЬНЫЙ ОКРУГ
ЭК	12/2021	BY	5101190000		17501,44	36839	0	85000 - РЕСПУБЛИКА КАЛМЫКИЯ	03-ЮЖНЫЙ ФЕДЕРАЛЬНЫЙ ОКРУГ
ЭК	04/2021	BY	5101190000		28800,82	95829	0	85000 - РЕСПУБЛИКА КАЛМЫКИЯ	03-ЮЖНЫЙ ФЕДЕРАЛЬНЫЙ ОКРУГ
ЭК	03/2021	BY	5101190000		12034,2	38716	0	85000 - РЕСПУБЛИКА КАЛМЫКИЯ	03-ЮЖНЫЙ ФЕДЕРАЛЬНЫЙ ОКРУГ
ЭК	01/2021	BY	5101190000		12197,9	20280,5	0	85000 - РЕСПУБЛИКА КАЛМЫКИЯ	03-ЮЖНЫЙ ФЕДЕРАЛЬНЫЙ ОКРУГ
ЭК	10/2021	IN	5101110000		46658,8	19772	0	85000 - РЕСПУБЛИКА КАЛМЫКИЯ	03-ЮЖНЫЙ ФЕДЕРАЛЬНЫЙ ОКРУГ
ЭК	08/2021	IN	5101110000		51525	19305	0	85000 - РЕСПУБЛИКА КАЛМЫКИЯ	03-ЮЖНЫЙ ФЕДЕРАЛЬНЫЙ ОКРУГ
ИМ	03/2021	BY	3923301010		24401,51	17316	0	85000 - РЕСПУБЛИКА КАЛМЫКИЯ	03-ЮЖНЫЙ ФЕДЕРАЛЬНЫЙ ОКРУГ
ИМ	07/2021	BY	3923301010		26756,1	16983	0	85000 - РЕСПУБЛИКА КАЛМЫКИЯ	03-ЮЖНЫЙ ФЕДЕРАЛЬНЫЙ ОКРУГ
ЭК	12/2021	BY	8504312109	796	8673,1	10,9	1100	85000 - РЕСПУБЛИКА КАЛМЫКИЯ	03-ЮЖНЫЙ ФЕДЕРАЛЬНЫЙ ОКРУГ
ЭК	09/2021	BY	8504312109	796	4916,55	6,3	700	85000 - РЕСПУБЛИКА КАЛМЫКИЯ	03-ЮЖНЫЙ ФЕДЕРАЛЬНЫЙ ОКРУГ
ЭК	07/2021	BY	8504312109	796	2487,23	4,12	294	85000 - РЕСПУБЛИКА КАЛМЫКИЯ	03-ЮЖНЫЙ ФЕДЕРАЛЬНЫЙ ОКРУГ
ЭК	04/2021	BY	8504312109	796	3078,67	4,684	406	85000 - РЕСПУБЛИКА КАЛМЫКИЯ	03-ЮЖНЫЙ ФЕДЕРАЛЬНЫЙ ОКРУГ
ИМ	01/2021	CN	8501310000	796	239	390	13	85000 - РЕСПУБЛИКА КАЛМЫКИЯ	03-ЮЖНЫЙ ФЕДЕРАЛЬНЫЙ ОКРУГ
ИМ	04/2021	PT	6404199000	715	189,26	3,84	6	85000 - РЕСПУБЛИКА КАЛМЫКИЯ	03-ЮЖНЫЙ ФЕДЕРАЛЬНЫЙ ОКРУГ
ИМ	03/2021	KH	6404199000	715	280,19	7,1	11	85000 - РЕСПУБЛИКА КАЛМЫКИЯ	03-ЮЖНЫЙ ФЕДЕРАЛЬНЫЙ ОКРУГ
ИМ	06/2021	PT	6403999600	715	1179,13	35,99	24	85000 - РЕСПУБЛИКА КАЛМЫКИЯ	03-ЮЖНЫЙ ФЕДЕРАЛЬНЫЙ ОКРУГ
ИМ	03/2021	IN	6403999600	715	1782,13	41,92	40	85000 - РЕСПУБЛИКА КАЛМЫКИЯ	03-ЮЖНЫЙ ФЕДЕРАЛЬНЫЙ ОКРУГ
ИМ	04/2021	PT	6403919100	715	1201,39	25,47	24	85000 - РЕСПУБЛИКА КАЛМЫКИЯ	03-ЮЖНЫЙ ФЕДЕРАЛЬНЫЙ ОКРУГ
ИМ	06/2021	PT	6403993800	715	142,49	2,58	3	85000 - РЕСПУБЛИКА КАЛМЫКИЯ	03-ЮЖНЫЙ ФЕДЕРАЛЬНЫЙ ОКРУГ
ИМ	04/2021	ID	6404199000	715	328,71	5,42	6	85000 - РЕСПУБЛИКА КАЛМЫКИЯ	03-ЮЖНЫЙ ФЕДЕРАЛЬНЫЙ ОКРУГ
ИМ	03/2021	PT	6402999800	715	645,34	11,9	14	85000 - РЕСПУБЛИКА КАЛМЫКИЯ	03-ЮЖНЫЙ ФЕДЕРАЛЬНЫЙ ОКРУГ
ИМ	06/2021	ID	6403999800	715	1694,09	31,96	37	85000 - РЕСПУБЛИКА КАЛМЫКИЯ	03-ЮЖНЫЙ ФЕДЕРАЛЬНЫЙ ОКРУГ
ИМ	07/2021	BY	4805932000		13242,61	20434	0	85000 - РЕСПУБЛИКА КАЛМЫКИЯ	03-ЮЖНЫЙ ФЕДЕРАЛЬНЫЙ ОКРУГ
ЭК	11/2021	BY	5101190000		98995,59	32899	0	85000 - РЕСПУБЛИКА КАЛМЫКИЯ	03-ЮЖНЫЙ ФЕДЕРАЛЬНЫЙ ОКРУГ
ЭК	03/2021	KZ	2206001000	112	227,52	806,4	756	85000 - РЕСПУБЛИКА КАЛМЫКИЯ	03-ЮЖНЫЙ ФЕДЕРАЛЬНЫЙ ОКРУГ
ЭК	06/2021	KZ	2203000100	112	2184,23	11178	11178	85000 - РЕСПУБЛИКА КАЛМЫКИЯ	03-ЮЖНЫЙ ФЕДЕРАЛЬНЫЙ ОКРУГ
ЭК	04/2021	KZ	2203000100	112	2729,14	13134	13134	85000 - РЕСПУБЛИКА КАЛМЫКИЯ	03-ЮЖНЫЙ ФЕДЕРАЛЬНЫЙ ОКРУГ
ЭК	03/2021	KZ	2203000100	112	5067,63	10908	10908	85000 - РЕСПУБЛИКА КАЛМЫКИЯ	03-ЮЖНЫЙ ФЕДЕРАЛЬНЫЙ ОКРУГ
ЭК	02/2021	GB	2203000100	112	6930,19	16235,478	15876	85000 - РЕСПУБЛИКА КАЛМЫКИЯ	03-ЮЖНЫЙ ФЕДЕРАЛЬНЫЙ ОКРУГ
ЭК	03/2021	DE	6204623900	796	142,48	27,1	40	85000 - РЕСПУБЛИКА КАЛМЫКИЯ	03-ЮЖНЫЙ ФЕДЕРАЛЬНЫЙ ОКРУГ
ЭК	03/2021	DE	6110209900	796	142,48	22,5	40	85000 - РЕСПУБЛИКА КАЛМЫКИЯ	03-ЮЖНЫЙ ФЕДЕРАЛЬНЫЙ ОКРУГ
ЭК	03/2021	DE	6203423500	796	213,71	34,8	60	85000 - РЕСПУБЛИКА КАЛМЫКИЯ	03-ЮЖНЫЙ ФЕДЕРАЛЬНЫЙ ОКРУГ
ИМ	04/2021	ID	6403993100	715	36,76	0,902	1	85000 - РЕСПУБЛИКА КАЛМЫКИЯ	03-ЮЖНЫЙ ФЕДЕРАЛЬНЫЙ ОКРУГ
ИМ	06/2021	PT	6404199000	715	664,97	12,04	14	85000 - РЕСПУБЛИКА КАЛМЫКИЯ	03-ЮЖНЫЙ ФЕДЕРАЛЬНЫЙ ОКРУГ
ИМ	04/2021	CN	6404199000	715	3733,09	86,81	93	85000 - РЕСПУБЛИКА КАЛМЫКИЯ	03-ЮЖНЫЙ ФЕДЕРАЛЬНЫЙ ОКРУГ
ИМ	06/2021	ID	6403999100	715	1219,27	22,32	26	85000 - РЕСПУБЛИКА КАЛМЫКИЯ	03-ЮЖНЫЙ ФЕДЕРАЛЬНЫЙ ОКРУГ
ЭК	11/2021	BY	8504312109	796	207,51	2,25	25	85000 - РЕСПУБЛИКА КАЛМЫКИЯ	03-ЮЖНЫЙ ФЕДЕРАЛЬНЫЙ ОКРУГ
ИМ	01/2021	CN	8413910008		716	160	0	85000 - РЕСПУБЛИКА КАЛМЫКИЯ	03-ЮЖНЫЙ ФЕДЕРАЛЬНЫЙ ОКРУГ
ЭК	10/2021	BY	5101190000		20816,92	21173	0	85000 - РЕСПУБЛИКА КАЛМЫКИЯ	03-ЮЖНЫЙ ФЕДЕРАЛЬНЫЙ ОКРУГ
ЭК	08/2021	BY	5101190000		23451,26	19994	0	85000 - РЕСПУБЛИКА КАЛМЫКИЯ	03-ЮЖНЫЙ ФЕДЕРАЛЬНЫЙ ОКРУГ
ИМ	06/2021	IT	4811412000		12982,31	1465	0	85000 - РЕСПУБЛИКА КАЛМЫКИЯ	03-ЮЖНЫЙ ФЕДЕРАЛЬНЫЙ ОКРУГ
ЭК	06/2021	KZ	2202991900	112	1037,9	4838,4	4536	85000 - РЕСПУБЛИКА КАЛМЫКИЯ	03-ЮЖНЫЙ ФЕДЕРАЛЬНЫЙ ОКРУГ
ЭК	06/2021	BY	2202991900	112	448,94	2401,28	2292	85000 - РЕСПУБЛИКА КАЛМЫКИЯ	03-ЮЖНЫЙ ФЕДЕРАЛЬНЫЙ ОКРУГ
ИМ	06/2021	BY	3923301010		27172,61	17316	0	85000 - РЕСПУБЛИКА КАЛМЫКИЯ	03-ЮЖНЫЙ ФЕДЕРАЛЬНЫЙ ОКРУГ
ЭК	05/2021	HK	3806100000		7351,6	611	0	85000 - РЕСПУБЛИКА КАЛМЫКИЯ	03-ЮЖНЫЙ ФЕДЕРАЛЬНЫЙ ОКРУГ
ЭК	12/2021	KZ	0301998500		16037,86	47178	0	85000 - РЕСПУБЛИКА КАЛМЫКИЯ	03-ЮЖНЫЙ ФЕДЕРАЛЬНЫЙ ОКРУГ
ЭК	09/2021	BY	5101190000		36193,1	115028	0	85000 - РЕСПУБЛИКА КАЛМЫКИЯ	03-ЮЖНЫЙ ФЕДЕРАЛЬНЫЙ ОКРУГ
ИМ	02/2021	BY	5509320000		13700,07	3263,32	0	85000 - РЕСПУБЛИКА КАЛМЫКИЯ	03-ЮЖНЫЙ ФЕДЕРАЛЬНЫЙ ОКРУГ
ИМ	12/2021	CN	7326909807		4999,62	1000	0	85000 - РЕСПУБЛИКА КАЛМЫКИЯ	03-ЮЖНЫЙ ФЕДЕРАЛЬНЫЙ ОКРУГ
ИМ	03/2021	IN	6403999800	715	227,51	4,68	6	85000 - РЕСПУБЛИКА КАЛМЫКИЯ	03-ЮЖНЫЙ ФЕДЕРАЛЬНЫЙ ОКРУГ
ИМ	06/2021	IN	6403991100	715	2920,89	82,13	83	85000 - РЕСПУБЛИКА КАЛМЫКИЯ	03-ЮЖНЫЙ ФЕДЕРАЛЬНЫЙ ОКРУГ
ИМ	06/2021	PT	6403993100	715	142,49	2,58	3	85000 - РЕСПУБЛИКА КАЛМЫКИЯ	03-ЮЖНЫЙ ФЕДЕРАЛЬНЫЙ ОКРУГ
ЭК	03/2021	DE	6110209100	796	213,71	47,9	60	85000 - РЕСПУБЛИКА КАЛМЫКИЯ	03-ЮЖНЫЙ ФЕДЕРАЛЬНЫЙ ОКРУГ
ИМ	04/2021	IN	6403993100	715	542,65	11,477	14	85000 - РЕСПУБЛИКА КАЛМЫКИЯ	03-ЮЖНЫЙ ФЕДЕРАЛЬНЫЙ ОКРУГ
ИМ	06/2021	ID	6403993100	715	494,6	9,6	12	85000 - РЕСПУБЛИКА КАЛМЫКИЯ	03-ЮЖНЫЙ ФЕДЕРАЛЬНЫЙ ОКРУГ
ИМ	04/2021	PT	6403999600	715	4984,2	132,08	93	85000 - РЕСПУБЛИКА КАЛМЫКИЯ	03-ЮЖНЫЙ ФЕДЕРАЛЬНЫЙ ОКРУГ
ИМ	04/2021	ID	6403993800	715	294,03	7,218	8	85000 - РЕСПУБЛИКА КАЛМЫКИЯ	03-ЮЖНЫЙ ФЕДЕРАЛЬНЫЙ ОКРУГ
ИМ	03/2021	PT	6402999100	715	46,1	0,85	1	85000 - РЕСПУБЛИКА КАЛМЫКИЯ	03-ЮЖНЫЙ ФЕДЕРАЛЬНЫЙ ОКРУГ
ЭК	06/2021	HK	3806100000		6816,62	790,1	0	85000 - РЕСПУБЛИКА КАЛМЫКИЯ	03-ЮЖНЫЙ ФЕДЕРАЛЬНЫЙ ОКРУГ
ИМ	01/2021	CN	8479820000	796	4731	1600	1	85000 - РЕСПУБЛИКА КАЛМЫКИЯ	03-ЮЖНЫЙ ФЕДЕРАЛЬНЫЙ ОКРУГ
ЭК	01/2021	BY	8504312901	796	9782,73	13,04	1440	85000 - РЕСПУБЛИКА КАЛМЫКИЯ	03-ЮЖНЫЙ ФЕДЕРАЛЬНЫЙ ОКРУГ
ИМ	01/2021	CN	8537109900		1588	400	0	85000 - РЕСПУБЛИКА КАЛМЫКИЯ	03-ЮЖНЫЙ ФЕДЕРАЛЬНЫЙ ОКРУГ
ИМ	01/2021	CN	8413603900	796	716	40	1	85000 - РЕСПУБЛИКА КАЛМЫКИЯ	03-ЮЖНЫЙ ФЕДЕРАЛЬНЫЙ ОКРУГ
ЭК	12/2021	VN	2403999009		50142,86	2400	0	85000 - РЕСПУБЛИКА КАЛМЫКИЯ	03-ЮЖНЫЙ ФЕДЕРАЛЬНЫЙ ОКРУГ
ЭК	10/2021	BY	3926200000		5656,28	1075	0	85000 - РЕСПУБЛИКА КАЛМЫКИЯ	03-ЮЖНЫЙ ФЕДЕРАЛЬНЫЙ ОКРУГ
ИМ	04/2021	BY	3923301010		54934,68	33322	0	85000 - РЕСПУБЛИКА КАЛМЫКИЯ	03-ЮЖНЫЙ ФЕДЕРАЛЬНЫЙ ОКРУГ
ИМ	04/2021	PT	6403911100	715	109,62	1,871	2	85000 - РЕСПУБЛИКА КАЛМЫКИЯ	03-ЮЖНЫЙ ФЕДЕРАЛЬНЫЙ ОКРУГ
ИМ	06/2021	ID	6404199000	715	397,84	6,02	7	85000 - РЕСПУБЛИКА КАЛМЫКИЯ	03-ЮЖНЫЙ ФЕДЕРАЛЬНЫЙ ОКРУГ
ИМ	04/2021	PT	6402999100	715	45,61	0,687	1	85000 - РЕСПУБЛИКА КАЛМЫКИЯ	03-ЮЖНЫЙ ФЕДЕРАЛЬНЫЙ ОКРУГ
ИМ	04/2021	PT	6403911800	715	2431,6	43,729	46	85000 - РЕСПУБЛИКА КАЛМЫКИЯ	03-ЮЖНЫЙ ФЕДЕРАЛЬНЫЙ ОКРУГ
ИМ	04/2021	ID	6403999800	715	3732,7	75,27	81	85000 - РЕСПУБЛИКА КАЛМЫКИЯ	03-ЮЖНЫЙ ФЕДЕРАЛЬНЫЙ ОКРУГ
ИМ	06/2021	RO	6403999100	715	94,76	1,5	2	85000 - РЕСПУБЛИКА КАЛМЫКИЯ	03-ЮЖНЫЙ ФЕДЕРАЛЬНЫЙ ОКРУГ
ИМ	04/2021	RO	6403999100	715	1077,72	20,01	23	85000 - РЕСПУБЛИКА КАЛМЫКИЯ	03-ЮЖНЫЙ ФЕДЕРАЛЬНЫЙ ОКРУГ
ИМ	04/2021	KH	6404199000	715	1230,03	22,47	21	85000 - РЕСПУБЛИКА КАЛМЫКИЯ	03-ЮЖНЫЙ ФЕДЕРАЛЬНЫЙ ОКРУГ
ИМ	04/2021	IT	6402999600	715	934,69	19,72	17	85000 - РЕСПУБЛИКА КАЛМЫКИЯ	03-ЮЖНЫЙ ФЕДЕРАЛЬНЫЙ ОКРУГ
ЭК	06/2021	BY	5101190000		61025,29	132799	0	85000 - РЕСПУБЛИКА КАЛМЫКИЯ	03-ЮЖНЫЙ ФЕДЕРАЛЬНЫЙ ОКРУГ
ЭК	02/2021	BY	5101190000		20691,9	19055	0	85000 - РЕСПУБЛИКА КАЛМЫКИЯ	03-ЮЖНЫЙ ФЕДЕРАЛЬНЫЙ ОКРУГ
ЭК	03/2021	DE	6109100000	796	118,73	30,3	100	85000 - РЕСПУБЛИКА КАЛМЫКИЯ	03-ЮЖНЫЙ ФЕДЕРАЛЬНЫЙ ОКРУГ
ИМ	02/2021	BY	4804395100		6522,08	9232	0	85000 - РЕСПУБЛИКА КАЛМЫКИЯ	03-ЮЖНЫЙ ФЕДЕРАЛЬНЫЙ ОКРУГ
ЭК	08/2021	KZ	2203000100	112	4133,82	20652	20652	85000 - РЕСПУБЛИКА КАЛМЫКИЯ	03-ЮЖНЫЙ ФЕДЕРАЛЬНЫЙ ОКРУГ
ЭК	07/2021	BY	2202991900	112	1211,97	5609,2	5340	85000 - РЕСПУБЛИКА КАЛМЫКИЯ	03-ЮЖНЫЙ ФЕДЕРАЛЬНЫЙ ОКРУГ
ИМ	01/2021	CN	8421290009	796	46986,8	13340	18	85000 - РЕСПУБЛИКА КАЛМЫКИЯ	03-ЮЖНЫЙ ФЕДЕРАЛЬНЫЙ ОКРУГ
ИМ	01/2021	CN	7308905900		7463	2000	0	85000 - РЕСПУБЛИКА КАЛМЫКИЯ	03-ЮЖНЫЙ ФЕДЕРАЛЬНЫЙ ОКРУГ
ИМ	02/2021	KZ	0303290000		5408,29	20000	0	85000 - РЕСПУБЛИКА КАЛМЫКИЯ	03-ЮЖНЫЙ ФЕДЕРАЛЬНЫЙ ОКРУГ
ЭК	03/2021	BY	2206005901	112	1379,55	2471,7	2419,2	85000 - РЕСПУБЛИКА КАЛМЫКИЯ	03-ЮЖНЫЙ ФЕДЕРАЛЬНЫЙ ОКРУГ
ЭК	06/2021	BY	2203000100	112	4898,96	15417,86	15120	85000 - РЕСПУБЛИКА КАЛМЫКИЯ	03-ЮЖНЫЙ ФЕДЕРАЛЬНЫЙ ОКРУГ
ЭК	05/2021	HK	2309109000		2077,2	1200	0	85000 - РЕСПУБЛИКА КАЛМЫКИЯ	03-ЮЖНЫЙ ФЕДЕРАЛЬНЫЙ ОКРУГ
ЭК	05/2021	BY	5101190000		16351,84	57278	0	85000 - РЕСПУБЛИКА КАЛМЫКИЯ	03-ЮЖНЫЙ ФЕДЕРАЛЬНЫЙ ОКРУГ
ИМ	06/2021	BY	5101290000		9730,34	5935,1	0	85000 - РЕСПУБЛИКА КАЛМЫКИЯ	03-ЮЖНЫЙ ФЕДЕРАЛЬНЫЙ ОКРУГ
ИМ	10/2021	BY	4805932000		12217,8	20695	0	85000 - РЕСПУБЛИКА КАЛМЫКИЯ	03-ЮЖНЫЙ ФЕДЕРАЛЬНЫЙ ОКРУГ
ЭК	11/2021	HK	4302110090	796	57918,35	837	6515	85000 - РЕСПУБЛИКА КАЛМЫКИЯ	03-ЮЖНЫЙ ФЕДЕРАЛЬНЫЙ ОКРУГ
ИМ	05/2021	BY	3923301010		27076,7	17316	0	85000 - РЕСПУБЛИКА КАЛМЫКИЯ	03-ЮЖНЫЙ ФЕДЕРАЛЬНЫЙ ОКРУГ
ИМ	03/2021	ID	6403999800	715	12019,04	209,55	268	85000 - РЕСПУБЛИКА КАЛМЫКИЯ	03-ЮЖНЫЙ ФЕДЕРАЛЬНЫЙ ОКРУГ
ИМ	03/2021	CN	6404199000	715	7615,19	167,5	186	85000 - РЕСПУБЛИКА КАЛМЫКИЯ	03-ЮЖНЫЙ ФЕДЕРАЛЬНЫЙ ОКРУГ
ИМ	04/2021	RO	6403999800	715	46,86	0,87	1	85000 - РЕСПУБЛИКА КАЛМЫКИЯ	03-ЮЖНЫЙ ФЕДЕРАЛЬНЫЙ ОКРУГ
ЭК	03/2021	IL	6914900000		15227,26	4800	0	85000 - РЕСПУБЛИКА КАЛМЫКИЯ	03-ЮЖНЫЙ ФЕДЕРАЛЬНЫЙ ОКРУГ
ИМ	06/2021	CN	6404199000	715	1917,2	36,6	45	85000 - РЕСПУБЛИКА КАЛМЫКИЯ	03-ЮЖНЫЙ ФЕДЕРАЛЬНЫЙ ОКРУГ
ИМ	04/2021	ID	6403999100	715	7460,7	145,66	159	85000 - РЕСПУБЛИКА КАЛМЫКИЯ	03-ЮЖНЫЙ ФЕДЕРАЛЬНЫЙ ОКРУГ
ИМ	06/2021	IN	6403999600	715	1255,77	44,7	30	85000 - РЕСПУБЛИКА КАЛМЫКИЯ	03-ЮЖНЫЙ ФЕДЕРАЛЬНЫЙ ОКРУГ
ЭК	05/2021	GE	6914900000		4104	1464	0	85000 - РЕСПУБЛИКА КАЛМЫКИЯ	03-ЮЖНЫЙ ФЕДЕРАЛЬНЫЙ ОКРУГ
ИМ	06/2021	ID	6403993800	715	741,9	14,4	18	85000 - РЕСПУБЛИКА КАЛМЫКИЯ	03-ЮЖНЫЙ ФЕДЕРАЛЬНЫЙ ОКРУГ
ИМ	06/2021	RO	6403999800	715	47,39	0,75	1	85000 - РЕСПУБЛИКА КАЛМЫКИЯ	03-ЮЖНЫЙ ФЕДЕРАЛЬНЫЙ ОКРУГ
ИМ	06/2021	KH	6404199000	715	5683,91	101,97	99	85000 - РЕСПУБЛИКА КАЛМЫКИЯ	03-ЮЖНЫЙ ФЕДЕРАЛЬНЫЙ ОКРУГ
ИМ	06/2021	PT	6403999100	715	3793,52	58,13	74	85000 - РЕСПУБЛИКА КАЛМЫКИЯ	03-ЮЖНЫЙ ФЕДЕРАЛЬНЫЙ ОКРУГ
ЭК	01/2021	BY	8504312109	796	1483,82	1,845	205	85000 - РЕСПУБЛИКА КАЛМЫКИЯ	03-ЮЖНЫЙ ФЕДЕРАЛЬНЫЙ ОКРУГ
ИМ	09/2021	BY	5509320000		10156,72	1936,341	0	85000 - РЕСПУБЛИКА КАЛМЫКИЯ	03-ЮЖНЫЙ ФЕДЕРАЛЬНЫЙ ОКРУГ
ИМ	01/2021	BY	8536901000		12370	175	0	85000 - РЕСПУБЛИКА КАЛМЫКИЯ	03-ЮЖНЫЙ ФЕДЕРАЛЬНЫЙ ОКРУГ
ИМ	01/2021	CN	8716800000	796	430	120	2	85000 - РЕСПУБЛИКА КАЛМЫКИЯ	03-ЮЖНЫЙ ФЕДЕРАЛЬНЫЙ ОКРУГ
ЭК	12/2021	BY	3926200000		1698,23	555	0	85000 - РЕСПУБЛИКА КАЛМЫКИЯ	03-ЮЖНЫЙ ФЕДЕРАЛЬНЫЙ ОКРУГ
ИМ	09/2021	BY	3923301010		26883,45	17316	0	85000 - РЕСПУБЛИКА КАЛМЫКИЯ	03-ЮЖНЫЙ ФЕДЕРАЛЬНЫЙ ОКРУГ
ЭК	06/2021	AE	2403999009		32772,6	880	0	85000 - РЕСПУБЛИКА КАЛМЫКИЯ	03-ЮЖНЫЙ ФЕДЕРАЛЬНЫЙ ОКРУГ
ЭК	11/2021	BY	4415209000		5955,76	31500	0	85000 - РЕСПУБЛИКА КАЛМЫКИЯ	03-ЮЖНЫЙ ФЕДЕРАЛЬНЫЙ ОКРУГ
ИМ	12/2021	BY	4805932000		13311,11	20951	0	85000 - РЕСПУБЛИКА КАЛМЫКИЯ	03-ЮЖНЫЙ ФЕДЕРАЛЬНЫЙ ОКРУГ
ИМ	11/2021	BY	4805932000		24750,75	41717	0	85000 - РЕСПУБЛИКА КАЛМЫКИЯ	03-ЮЖНЫЙ ФЕДЕРАЛЬНЫЙ ОКРУГ
ЭК	07/2021	BY	5101190000		12353,36	42140	0	85000 - РЕСПУБЛИКА КАЛМЫКИЯ	03-ЮЖНЫЙ ФЕДЕРАЛЬНЫЙ ОКРУГ
ИМ	05/2021	BY	5101290000		9745,7	5656,1	0	85000 - РЕСПУБЛИКА КАЛМЫКИЯ	03-ЮЖНЫЙ ФЕДЕРАЛЬНЫЙ ОКРУГ
ЭК	06/2021	UY	5101110000		42898,2	20140	0	85000 - РЕСПУБЛИКА КАЛМЫКИЯ	03-ЮЖНЫЙ ФЕДЕРАЛЬНЫЙ ОКРУГ
ИМ	01/2021	CN	8413708100	796	814	605	6	85000 - РЕСПУБЛИКА КАЛМЫКИЯ	03-ЮЖНЫЙ ФЕДЕРАЛЬНЫЙ ОКРУГ
ИМ	01/2021	CN	7309005900		2292	600	0	85000 - РЕСПУБЛИКА КАЛМЫКИЯ	03-ЮЖНЫЙ ФЕДЕРАЛЬНЫЙ ОКРУГ
ИМ	03/2021	ID	6403999100	715	479,35	8,63	11	85000 - РЕСПУБЛИКА КАЛМЫКИЯ	03-ЮЖНЫЙ ФЕДЕРАЛЬНЫЙ ОКРУГ
ИМ	04/2021	IN	6403993800	715	396,93	8,183	10	85000 - РЕСПУБЛИКА КАЛМЫКИЯ	03-ЮЖНЫЙ ФЕДЕРАЛЬНЫЙ ОКРУГ
ИМ	04/2021	IN	6403991100	715	1000,06	23,64	27	85000 - РЕСПУБЛИКА КАЛМЫКИЯ	03-ЮЖНЫЙ ФЕДЕРАЛЬНЫЙ ОКРУГ
ИМ	04/2021	PT	6403999800	715	14816,04	252,334	329	85000 - РЕСПУБЛИКА КАЛМЫКИЯ	03-ЮЖНЫЙ ФЕДЕРАЛЬНЫЙ ОКРУГ
ИМ	04/2021	PT	6403999100	715	8186,56	137,046	165	85000 - РЕСПУБЛИКА КАЛМЫКИЯ	03-ЮЖНЫЙ ФЕДЕРАЛЬНЫЙ ОКРУГ
ИМ	03/2021	PT	6403999100	715	745,43	11,79	16	85000 - РЕСПУБЛИКА КАЛМЫКИЯ	03-ЮЖНЫЙ ФЕДЕРАЛЬНЫЙ ОКРУГ
ЭК	08/2021	KZ	2202991900	112	178,37	806,4	756	85000 - РЕСПУБЛИКА КАЛМЫКИЯ	03-ЮЖНЫЙ ФЕДЕРАЛЬНЫЙ ОКРУГ
ЭК	07/2021	BY	2203000100	112	4295,14	11392,92	11491,2	85000 - РЕСПУБЛИКА КАЛМЫКИЯ	03-ЮЖНЫЙ ФЕДЕРАЛЬНЫЙ ОКРУГ
ЭК	05/2021	VN	2403999009		70000	2200	0	85000 - РЕСПУБЛИКА КАЛМЫКИЯ	03-ЮЖНЫЙ ФЕДЕРАЛЬНЫЙ ОКРУГ
ЭК	12/2021	KZ	0301930000		9564,11	19000	0	85000 - РЕСПУБЛИКА КАЛМЫКИЯ	03-ЮЖНЫЙ ФЕДЕРАЛЬНЫЙ ОКРУГ
ЭК	05/2021	HK	3401300000		26821,47	2127	0	85000 - РЕСПУБЛИКА КАЛМЫКИЯ	03-ЮЖНЫЙ ФЕДЕРАЛЬНЫЙ ОКРУГ