﻿napr	period	nastranapr	tnved	edizm	Stoim	Netto	Kol	Region	Region_s
ИМ	12/2021	IT	8424890009	796	465140,89	28674	1	26000 - РЕСПУБЛИКА ИНГУШЕТИЯ	08-СЕВЕРО-КАВКАЗСКИЙ ФЕДЕРАЛЬНЫЙ ОКРУГ
ИМ	04/2021	CN	8481201009		2184,31	113,8	0	26000 - РЕСПУБЛИКА ИНГУШЕТИЯ	08-СЕВЕРО-КАВКАЗСКИЙ ФЕДЕРАЛЬНЫЙ ОКРУГ
ИМ	01/2021	IT	8479908000		13636,89	70,12	0	26000 - РЕСПУБЛИКА ИНГУШЕТИЯ	08-СЕВЕРО-КАВКАЗСКИЙ ФЕДЕРАЛЬНЫЙ ОКРУГ
ИМ	12/2021	IT	8474801080	796	185050,59	12945	0	26000 - РЕСПУБЛИКА ИНГУШЕТИЯ	08-СЕВЕРО-КАВКАЗСКИЙ ФЕДЕРАЛЬНЫЙ ОКРУГ
ИМ	06/2021	TR	9405109807		33404	1831	0	26000 - РЕСПУБЛИКА ИНГУШЕТИЯ	08-СЕВЕРО-КАВКАЗСКИЙ ФЕДЕРАЛЬНЫЙ ОКРУГ
ЭК	12/2021	IR	XXXXXXXXXX		30500	100000	0	26000 - РЕСПУБЛИКА ИНГУШЕТИЯ	08-СЕВЕРО-КАВКАЗСКИЙ ФЕДЕРАЛЬНЫЙ ОКРУГ
ЭК	11/2021	IR	XXXXXXXXXX		157100	520000	0	26000 - РЕСПУБЛИКА ИНГУШЕТИЯ	08-СЕВЕРО-КАВКАЗСКИЙ ФЕДЕРАЛЬНЫЙ ОКРУГ
ЭК	10/2021	IR	XXXXXXXXXX		236000	780000	0	26000 - РЕСПУБЛИКА ИНГУШЕТИЯ	08-СЕВЕРО-КАВКАЗСКИЙ ФЕДЕРАЛЬНЫЙ ОКРУГ
ЭК	08/2021	IR	XXXXXXXXXX		66100	220000	0	26000 - РЕСПУБЛИКА ИНГУШЕТИЯ	08-СЕВЕРО-КАВКАЗСКИЙ ФЕДЕРАЛЬНЫЙ ОКРУГ
ЭК	09/2021	IR	XXXXXXXXXX		48800	160000	0	26000 - РЕСПУБЛИКА ИНГУШЕТИЯ	08-СЕВЕРО-КАВКАЗСКИЙ ФЕДЕРАЛЬНЫЙ ОКРУГ
ЭК	04/2021	IR	XXXXXXXXXX		56574,5	160000	0	26000 - РЕСПУБЛИКА ИНГУШЕТИЯ	08-СЕВЕРО-КАВКАЗСКИЙ ФЕДЕРАЛЬНЫЙ ОКРУГ
ИМ	02/2021	DE	8538909100		4,02	0,24	0	26000 - РЕСПУБЛИКА ИНГУШЕТИЯ	08-СЕВЕРО-КАВКАЗСКИЙ ФЕДЕРАЛЬНЫЙ ОКРУГ
ЭК	09/2021	LV	7604299000		43889,38	10562,15	0	26000 - РЕСПУБЛИКА ИНГУШЕТИЯ	08-СЕВЕРО-КАВКАЗСКИЙ ФЕДЕРАЛЬНЫЙ ОКРУГ
ИМ	04/2021	IT	7419999000		15223,89	75,35	0	26000 - РЕСПУБЛИКА ИНГУШЕТИЯ	08-СЕВЕРО-КАВКАЗСКИЙ ФЕДЕРАЛЬНЫЙ ОКРУГ
ЭК	12/2021	UZ	7322190000		14400	14040	0	26000 - РЕСПУБЛИКА ИНГУШЕТИЯ	08-СЕВЕРО-КАВКАЗСКИЙ ФЕДЕРАЛЬНЫЙ ОКРУГ
ЭК	03/2021	UZ	7322190000		26630	24968	0	26000 - РЕСПУБЛИКА ИНГУШЕТИЯ	08-СЕВЕРО-КАВКАЗСКИЙ ФЕДЕРАЛЬНЫЙ ОКРУГ
ЭК	06/2021	KG	7322190000		10348,21	3000	0	26000 - РЕСПУБЛИКА ИНГУШЕТИЯ	08-СЕВЕРО-КАВКАЗСКИЙ ФЕДЕРАЛЬНЫЙ ОКРУГ
ЭК	06/2021	BY	7604109000		13202,15	3389	0	26000 - РЕСПУБЛИКА ИНГУШЕТИЯ	08-СЕВЕРО-КАВКАЗСКИЙ ФЕДЕРАЛЬНЫЙ ОКРУГ
ЭК	06/2021	KG	7616991003		13107,39	3330	0	26000 - РЕСПУБЛИКА ИНГУШЕТИЯ	08-СЕВЕРО-КАВКАЗСКИЙ ФЕДЕРАЛЬНЫЙ ОКРУГ
ЭК	10/2021	AZ	7616991003		64000	19019	0	26000 - РЕСПУБЛИКА ИНГУШЕТИЯ	08-СЕВЕРО-КАВКАЗСКИЙ ФЕДЕРАЛЬНЫЙ ОКРУГ
ЭК	04/2021	UZ	7616991003		27972	14886	0	26000 - РЕСПУБЛИКА ИНГУШЕТИЯ	08-СЕВЕРО-КАВКАЗСКИЙ ФЕДЕРАЛЬНЫЙ ОКРУГ
ИМ	08/2021	TR	2828900000		2445,67	2624,4	0	26000 - РЕСПУБЛИКА ИНГУШЕТИЯ	08-СЕВЕРО-КАВКАЗСКИЙ ФЕДЕРАЛЬНЫЙ ОКРУГ
ЭК	12/2021	IQ	2302309000		68800	360000	0	26000 - РЕСПУБЛИКА ИНГУШЕТИЯ	08-СЕВЕРО-КАВКАЗСКИЙ ФЕДЕРАЛЬНЫЙ ОКРУГ
ЭК	12/2021	AF	2302309000		29500	100000	0	26000 - РЕСПУБЛИКА ИНГУШЕТИЯ	08-СЕВЕРО-КАВКАЗСКИЙ ФЕДЕРАЛЬНЫЙ ОКРУГ
ИМ	01/2021	TR	3401209000		2261,57	2110	0	26000 - РЕСПУБЛИКА ИНГУШЕТИЯ	08-СЕВЕРО-КАВКАЗСКИЙ ФЕДЕРАЛЬНЫЙ ОКРУГ
ИМ	07/2021	TR	3917229009		276,88	0,5	0	26000 - РЕСПУБЛИКА ИНГУШЕТИЯ	08-СЕВЕРО-КАВКАЗСКИЙ ФЕДЕРАЛЬНЫЙ ОКРУГ
ИМ	12/2021	BY	6911100000		46455,32	21550,998	0	26000 - РЕСПУБЛИКА ИНГУШЕТИЯ	08-СЕВЕРО-КАВКАЗСКИЙ ФЕДЕРАЛЬНЫЙ ОКРУГ
ИМ	04/2021	TR	4016930005		18460,71	585	0	26000 - РЕСПУБЛИКА ИНГУШЕТИЯ	08-СЕВЕРО-КАВКАЗСКИЙ ФЕДЕРАЛЬНЫЙ ОКРУГ
ИМ	11/2021	TR	4016930005		25984,44	900	0	26000 - РЕСПУБЛИКА ИНГУШЕТИЯ	08-СЕВЕРО-КАВКАЗСКИЙ ФЕДЕРАЛЬНЫЙ ОКРУГ
ЭК	07/2021	LT	4407919000	113	139777,53	247804	259,31	26000 - РЕСПУБЛИКА ИНГУШЕТИЯ	08-СЕВЕРО-КАВКАЗСКИЙ ФЕДЕРАЛЬНЫЙ ОКРУГ
ЭК	02/2021	LT	4407919000	113	87378,25	212700	189,01	26000 - РЕСПУБЛИКА ИНГУШЕТИЯ	08-СЕВЕРО-КАВКАЗСКИЙ ФЕДЕРАЛЬНЫЙ ОКРУГ
ЭК	04/2021	LV	4407919000	113	12535,76	10500	14,87	26000 - РЕСПУБЛИКА ИНГУШЕТИЯ	08-СЕВЕРО-КАВКАЗСКИЙ ФЕДЕРАЛЬНЫЙ ОКРУГ
ЭК	06/2021	ES	4407919000	113	33320,16	43100	38,14	26000 - РЕСПУБЛИКА ИНГУШЕТИЯ	08-СЕВЕРО-КАВКАЗСКИЙ ФЕДЕРАЛЬНЫЙ ОКРУГ
ЭК	02/2021	ES	4407919000	113	34925,71	43200	38,99	26000 - РЕСПУБЛИКА ИНГУШЕТИЯ	08-СЕВЕРО-КАВКАЗСКИЙ ФЕДЕРАЛЬНЫЙ ОКРУГ
ЭК	06/2021	DE	4407919000	113	24837,44	20200	28,19	26000 - РЕСПУБЛИКА ИНГУШЕТИЯ	08-СЕВЕРО-КАВКАЗСКИЙ ФЕДЕРАЛЬНЫЙ ОКРУГ
ЭК	03/2021	DE	4407919000	113	113093,2	107300	142,6	26000 - РЕСПУБЛИКА ИНГУШЕТИЯ	08-СЕВЕРО-КАВКАЗСКИЙ ФЕДЕРАЛЬНЫЙ ОКРУГ
ИМ	07/2021	TR	3926909709		359,96	3	0	26000 - РЕСПУБЛИКА ИНГУШЕТИЯ	08-СЕВЕРО-КАВКАЗСКИЙ ФЕДЕРАЛЬНЫЙ ОКРУГ
ЭК	12/2021	IQ	1101001500		20750	70000	0	26000 - РЕСПУБЛИКА ИНГУШЕТИЯ	08-СЕВЕРО-КАВКАЗСКИЙ ФЕДЕРАЛЬНЫЙ ОКРУГ
ЭК	09/2021	GE	1101001500		137420	557000	0	26000 - РЕСПУБЛИКА ИНГУШЕТИЯ	08-СЕВЕРО-КАВКАЗСКИЙ ФЕДЕРАЛЬНЫЙ ОКРУГ
ЭК	07/2021	GE	1101001500		14805	63000	0	26000 - РЕСПУБЛИКА ИНГУШЕТИЯ	08-СЕВЕРО-КАВКАЗСКИЙ ФЕДЕРАЛЬНЫЙ ОКРУГ
ЭК	05/2021	GE	1101001500		40536,89	140000	0	26000 - РЕСПУБЛИКА ИНГУШЕТИЯ	08-СЕВЕРО-КАВКАЗСКИЙ ФЕДЕРАЛЬНЫЙ ОКРУГ
ИМ	06/2021	BY	0406909909		13437	3167,7	0	26000 - РЕСПУБЛИКА ИНГУШЕТИЯ	08-СЕВЕРО-КАВКАЗСКИЙ ФЕДЕРАЛЬНЫЙ ОКРУГ
ИМ	06/2021	BY	0403909100		101,5	110,4	0	26000 - РЕСПУБЛИКА ИНГУШЕТИЯ	08-СЕВЕРО-КАВКАЗСКИЙ ФЕДЕРАЛЬНЫЙ ОКРУГ
ИМ	07/2021	TR	7320208108		10,83	0,01	0	26000 - РЕСПУБЛИКА ИНГУШЕТИЯ	08-СЕВЕРО-КАВКАЗСКИЙ ФЕДЕРАЛЬНЫЙ ОКРУГ
ИМ	11/2021	TR	7307998009		5396,9	1200	0	26000 - РЕСПУБЛИКА ИНГУШЕТИЯ	08-СЕВЕРО-КАВКАЗСКИЙ ФЕДЕРАЛЬНЫЙ ОКРУГ
ИМ	06/2021	IT	7307998009		30566,49	5960	0	26000 - РЕСПУБЛИКА ИНГУШЕТИЯ	08-СЕВЕРО-КАВКАЗСКИЙ ФЕДЕРАЛЬНЫЙ ОКРУГ
ИМ	01/2021	IT	7318154100		150,66	0,04	0	26000 - РЕСПУБЛИКА ИНГУШЕТИЯ	08-СЕВЕРО-КАВКАЗСКИЙ ФЕДЕРАЛЬНЫЙ ОКРУГ
ЭК	06/2021	KZ	7307991000		36,84	10	0	26000 - РЕСПУБЛИКА ИНГУШЕТИЯ	08-СЕВЕРО-КАВКАЗСКИЙ ФЕДЕРАЛЬНЫЙ ОКРУГ
ИМ	08/2021	IT	7318154100		382,43	1	0	26000 - РЕСПУБЛИКА ИНГУШЕТИЯ	08-СЕВЕРО-КАВКАЗСКИЙ ФЕДЕРАЛЬНЫЙ ОКРУГ
ИМ	11/2021	CN	7322190000		86302,79	44400	0	26000 - РЕСПУБЛИКА ИНГУШЕТИЯ	08-СЕВЕРО-КАВКАЗСКИЙ ФЕДЕРАЛЬНЫЙ ОКРУГ
ИМ	04/2021	CN	7318169900		26,8	1,8	0	26000 - РЕСПУБЛИКА ИНГУШЕТИЯ	08-СЕВЕРО-КАВКАЗСКИЙ ФЕДЕРАЛЬНЫЙ ОКРУГ
ИМ	05/2021	TR	7315119000		1561,47	53,5	0	26000 - РЕСПУБЛИКА ИНГУШЕТИЯ	08-СЕВЕРО-КАВКАЗСКИЙ ФЕДЕРАЛЬНЫЙ ОКРУГ
ИМ	08/2021	BY	7604109000		6070,87	1378	0	26000 - РЕСПУБЛИКА ИНГУШЕТИЯ	08-СЕВЕРО-КАВКАЗСКИЙ ФЕДЕРАЛЬНЫЙ ОКРУГ
ЭК	09/2021	KZ	7616991003		16625,34	3325	0	26000 - РЕСПУБЛИКА ИНГУШЕТИЯ	08-СЕВЕРО-КАВКАЗСКИЙ ФЕДЕРАЛЬНЫЙ ОКРУГ
ЭК	04/2021	KZ	7616991003		18365,13	4690	0	26000 - РЕСПУБЛИКА ИНГУШЕТИЯ	08-СЕВЕРО-КАВКАЗСКИЙ ФЕДЕРАЛЬНЫЙ ОКРУГ
ЭК	07/2021	UZ	7616991003		19530	9550	0	26000 - РЕСПУБЛИКА ИНГУШЕТИЯ	08-СЕВЕРО-КАВКАЗСКИЙ ФЕДЕРАЛЬНЫЙ ОКРУГ
ЭК	05/2021	KZ	8207199009		12107,94	178	0	26000 - РЕСПУБЛИКА ИНГУШЕТИЯ	08-СЕВЕРО-КАВКАЗСКИЙ ФЕДЕРАЛЬНЫЙ ОКРУГ
ЭК	07/2021	KZ	8207191000		10377,21	181,2	0	26000 - РЕСПУБЛИКА ИНГУШЕТИЯ	08-СЕВЕРО-КАВКАЗСКИЙ ФЕДЕРАЛЬНЫЙ ОКРУГ
ЭК	02/2021	AZ	7616991003		54450	20295	0	26000 - РЕСПУБЛИКА ИНГУШЕТИЯ	08-СЕВЕРО-КАВКАЗСКИЙ ФЕДЕРАЛЬНЫЙ ОКРУГ
ЭК	04/2021	AZ	7616991003		60238	20375	0	26000 - РЕСПУБЛИКА ИНГУШЕТИЯ	08-СЕВЕРО-КАВКАЗСКИЙ ФЕДЕРАЛЬНЫЙ ОКРУГ
ИМ	03/2021	JP	8525803000	796	10676,96	28,046	24	26000 - РЕСПУБЛИКА ИНГУШЕТИЯ	08-СЕВЕРО-КАВКАЗСКИЙ ФЕДЕРАЛЬНЫЙ ОКРУГ
ИМ	02/2021	DE	8536901000		507,85	15,39	0	26000 - РЕСПУБЛИКА ИНГУШЕТИЯ	08-СЕВЕРО-КАВКАЗСКИЙ ФЕДЕРАЛЬНЫЙ ОКРУГ
ИМ	05/2021	CN	8517120000	796	8962,53	25,31	60	26000 - РЕСПУБЛИКА ИНГУШЕТИЯ	08-СЕВЕРО-КАВКАЗСКИЙ ФЕДЕРАЛЬНЫЙ ОКРУГ
ИМ	02/2021	DE	8544429009		412,32	61,9	0	26000 - РЕСПУБЛИКА ИНГУШЕТИЯ	08-СЕВЕРО-КАВКАЗСКИЙ ФЕДЕРАЛЬНЫЙ ОКРУГ
ИМ	04/2021	IT	8480410000		17644,44	560	0	26000 - РЕСПУБЛИКА ИНГУШЕТИЯ	08-СЕВЕРО-КАВКАЗСКИЙ ФЕДЕРАЛЬНЫЙ ОКРУГ
ИМ	06/2021	CN	8412310009	796	2269,21	10,5	2	26000 - РЕСПУБЛИКА ИНГУШЕТИЯ	08-СЕВЕРО-КАВКАЗСКИЙ ФЕДЕРАЛЬНЫЙ ОКРУГ
ИМ	03/2021	TR	8428399009	796	1885,32	490	1	26000 - РЕСПУБЛИКА ИНГУШЕТИЯ	08-СЕВЕРО-КАВКАЗСКИЙ ФЕДЕРАЛЬНЫЙ ОКРУГ
ИМ	08/2021	TM	6403999600	715	9884	432	432	26000 - РЕСПУБЛИКА ИНГУШЕТИЯ	08-СЕВЕРО-КАВКАЗСКИЙ ФЕДЕРАЛЬНЫЙ ОКРУГ
ИМ	02/2021	BY	7009920000		241,7	40	0	26000 - РЕСПУБЛИКА ИНГУШЕТИЯ	08-СЕВЕРО-КАВКАЗСКИЙ ФЕДЕРАЛЬНЫЙ ОКРУГ
ИМ	02/2021	BY	9403500009	796	2996,62	435	5	26000 - РЕСПУБЛИКА ИНГУШЕТИЯ	08-СЕВЕРО-КАВКАЗСКИЙ ФЕДЕРАЛЬНЫЙ ОКРУГ
ИМ	05/2021	BY	9401610000	796	252,09	23	2	26000 - РЕСПУБЛИКА ИНГУШЕТИЯ	08-СЕВЕРО-КАВКАЗСКИЙ ФЕДЕРАЛЬНЫЙ ОКРУГ
ИМ	02/2021	BY	9401610000	796	136,62	11	1	26000 - РЕСПУБЛИКА ИНГУШЕТИЯ	08-СЕВЕРО-КАВКАЗСКИЙ ФЕДЕРАЛЬНЫЙ ОКРУГ
ИМ	05/2021	TR	9619008109		53823,41	18847,79	0	26000 - РЕСПУБЛИКА ИНГУШЕТИЯ	08-СЕВЕРО-КАВКАЗСКИЙ ФЕДЕРАЛЬНЫЙ ОКРУГ
ИМ	10/2021	NL	9406903100		1389737,18	381323,92	0	26000 - РЕСПУБЛИКА ИНГУШЕТИЯ	08-СЕВЕРО-КАВКАЗСКИЙ ФЕДЕРАЛЬНЫЙ ОКРУГ
ИМ	05/2021	BY	9403601009	796	4661,38	1321	15	26000 - РЕСПУБЛИКА ИНГУШЕТИЯ	08-СЕВЕРО-КАВКАЗСКИЙ ФЕДЕРАЛЬНЫЙ ОКРУГ
ИМ	04/2021	EG	1515909900		57767,17	21247	0	26000 - РЕСПУБЛИКА ИНГУШЕТИЯ	08-СЕВЕРО-КАВКАЗСКИЙ ФЕДЕРАЛЬНЫЙ ОКРУГ
ЭК	03/2021	GE	1101001509		5770	20000	0	26000 - РЕСПУБЛИКА ИНГУШЕТИЯ	08-СЕВЕРО-КАВКАЗСКИЙ ФЕДЕРАЛЬНЫЙ ОКРУГ
ЭК	10/2021	AF	1101001500		147500	500000	0	26000 - РЕСПУБЛИКА ИНГУШЕТИЯ	08-СЕВЕРО-КАВКАЗСКИЙ ФЕДЕРАЛЬНЫЙ ОКРУГ
ИМ	06/2021	BY	0403905302		61	95,36	0	26000 - РЕСПУБЛИКА ИНГУШЕТИЯ	08-СЕВЕРО-КАВКАЗСКИЙ ФЕДЕРАЛЬНЫЙ ОКРУГ
ИМ	07/2021	TR	4016930005		21164,94	700,11	0	26000 - РЕСПУБЛИКА ИНГУШЕТИЯ	08-СЕВЕРО-КАВКАЗСКИЙ ФЕДЕРАЛЬНЫЙ ОКРУГ
ЭК	04/2021	LT	4407199800	113	6992,23	21700	26,7	26000 - РЕСПУБЛИКА ИНГУШЕТИЯ	08-СЕВЕРО-КАВКАЗСКИЙ ФЕДЕРАЛЬНЫЙ ОКРУГ
ЭК	01/2021	LT	4407919000	113	42090,97	105700	100,5	26000 - РЕСПУБЛИКА ИНГУШЕТИЯ	08-СЕВЕРО-КАВКАЗСКИЙ ФЕДЕРАЛЬНЫЙ ОКРУГ
ЭК	02/2021	DE	4407919000	113	45848,49	40300	53,4	26000 - РЕСПУБЛИКА ИНГУШЕТИЯ	08-СЕВЕРО-КАВКАЗСКИЙ ФЕДЕРАЛЬНЫЙ ОКРУГ
ЭК	07/2021	BY	4407919000	113	22522,1	26700	35,117	26000 - РЕСПУБЛИКА ИНГУШЕТИЯ	08-СЕВЕРО-КАВКАЗСКИЙ ФЕДЕРАЛЬНЫЙ ОКРУГ
ИМ	10/2021	TR	3402209000		17121,04	15942,14	0	26000 - РЕСПУБЛИКА ИНГУШЕТИЯ	08-СЕВЕРО-КАВКАЗСКИЙ ФЕДЕРАЛЬНЫЙ ОКРУГ
ИМ	05/2021	TR	3402209000		17472,38	19477,8	0	26000 - РЕСПУБЛИКА ИНГУШЕТИЯ	08-СЕВЕРО-КАВКАЗСКИЙ ФЕДЕРАЛЬНЫЙ ОКРУГ
ИМ	01/2021	TR	3305100000		3834,62	3710	0	26000 - РЕСПУБЛИКА ИНГУШЕТИЯ	08-СЕВЕРО-КАВКАЗСКИЙ ФЕДЕРАЛЬНЫЙ ОКРУГ
ИМ	06/2021	UZ	3401110001		15033,19	8700	0	26000 - РЕСПУБЛИКА ИНГУШЕТИЯ	08-СЕВЕРО-КАВКАЗСКИЙ ФЕДЕРАЛЬНЫЙ ОКРУГ
ИМ	09/2021	TR	3401110009		1842,36	863,28	0	26000 - РЕСПУБЛИКА ИНГУШЕТИЯ	08-СЕВЕРО-КАВКАЗСКИЙ ФЕДЕРАЛЬНЫЙ ОКРУГ
ИМ	05/2021	TR	3401110009		3453,11	1785,6	0	26000 - РЕСПУБЛИКА ИНГУШЕТИЯ	08-СЕВЕРО-КАВКАЗСКИЙ ФЕДЕРАЛЬНЫЙ ОКРУГ
ИМ	07/2021	BY	6911100000		31179,54	19018,404	0	26000 - РЕСПУБЛИКА ИНГУШЕТИЯ	08-СЕВЕРО-КАВКАЗСКИЙ ФЕДЕРАЛЬНЫЙ ОКРУГ
ИМ	03/2021	BY	6911100000		39456	18415,92	0	26000 - РЕСПУБЛИКА ИНГУШЕТИЯ	08-СЕВЕРО-КАВКАЗСКИЙ ФЕДЕРАЛЬНЫЙ ОКРУГ
ИМ	01/2021	BY	6911100000		31096,73	17302,085	0	26000 - РЕСПУБЛИКА ИНГУШЕТИЯ	08-СЕВЕРО-КАВКАЗСКИЙ ФЕДЕРАЛЬНЫЙ ОКРУГ
ИМ	08/2021	TR	6905100000	796	4252,2	21650	7260	26000 - РЕСПУБЛИКА ИНГУШЕТИЯ	08-СЕВЕРО-КАВКАЗСКИЙ ФЕДЕРАЛЬНЫЙ ОКРУГ
ИМ	03/2021	US	8467298501	796	3712,63	48	3	26000 - РЕСПУБЛИКА ИНГУШЕТИЯ	08-СЕВЕРО-КАВКАЗСКИЙ ФЕДЕРАЛЬНЫЙ ОКРУГ
ИМ	04/2021	CN	8454900000		3490,02	201,8	0	26000 - РЕСПУБЛИКА ИНГУШЕТИЯ	08-СЕВЕРО-КАВКАЗСКИЙ ФЕДЕРАЛЬНЫЙ ОКРУГ
ИМ	04/2021	CN	8419908509		3018,02	116,6	0	26000 - РЕСПУБЛИКА ИНГУШЕТИЯ	08-СЕВЕРО-КАВКАЗСКИЙ ФЕДЕРАЛЬНЫЙ ОКРУГ
ИМ	08/2021	BY	8465990000	796	2606,53	660	1	26000 - РЕСПУБЛИКА ИНГУШЕТИЯ	08-СЕВЕРО-КАВКАЗСКИЙ ФЕДЕРАЛЬНЫЙ ОКРУГ
ИМ	06/2021	RS	8474809080	796	36612,3	21910	1	26000 - РЕСПУБЛИКА ИНГУШЕТИЯ	08-СЕВЕРО-КАВКАЗСКИЙ ФЕДЕРАЛЬНЫЙ ОКРУГ
ЭК	11/2021	AM	7616991003		59006,48	17400	0	26000 - РЕСПУБЛИКА ИНГУШЕТИЯ	08-СЕВЕРО-КАВКАЗСКИЙ ФЕДЕРАЛЬНЫЙ ОКРУГ
ЭК	05/2021	AM	7616991003		22490,39	5750	0	26000 - РЕСПУБЛИКА ИНГУШЕТИЯ	08-СЕВЕРО-КАВКАЗСКИЙ ФЕДЕРАЛЬНЫЙ ОКРУГ
ЭК	03/2021	KZ	8207199009		7482,7	106	0	26000 - РЕСПУБЛИКА ИНГУШЕТИЯ	08-СЕВЕРО-КАВКАЗСКИЙ ФЕДЕРАЛЬНЫЙ ОКРУГ
ЭК	02/2021	BY	7322190000		6334,64	1940	0	26000 - РЕСПУБЛИКА ИНГУШЕТИЯ	08-СЕВЕРО-КАВКАЗСКИЙ ФЕДЕРАЛЬНЫЙ ОКРУГ
ИМ	03/2021	TR	7326909409		3079,65	255	0	26000 - РЕСПУБЛИКА ИНГУШЕТИЯ	08-СЕВЕРО-КАВКАЗСКИЙ ФЕДЕРАЛЬНЫЙ ОКРУГ
ИМ	10/2021	NNN	7326909807		2374,97	37	0	26000 - РЕСПУБЛИКА ИНГУШЕТИЯ	08-СЕВЕРО-КАВКАЗСКИЙ ФЕДЕРАЛЬНЫЙ ОКРУГ
ИМ	03/2021	TR	8544429009		28606,91	3094	0	26000 - РЕСПУБЛИКА ИНГУШЕТИЯ	08-СЕВЕРО-КАВКАЗСКИЙ ФЕДЕРАЛЬНЫЙ ОКРУГ
ИМ	05/2021	TR	8544429009		19656,49	2072	0	26000 - РЕСПУБЛИКА ИНГУШЕТИЯ	08-СЕВЕРО-КАВКАЗСКИЙ ФЕДЕРАЛЬНЫЙ ОКРУГ
ЭК	10/2021	IQ	2302309000		12360	60000	0	26000 - РЕСПУБЛИКА ИНГУШЕТИЯ	08-СЕВЕРО-КАВКАЗСКИЙ ФЕДЕРАЛЬНЫЙ ОКРУГ
ИМ	03/2021	TR	3401300000		2929,73	2210	0	26000 - РЕСПУБЛИКА ИНГУШЕТИЯ	08-СЕВЕРО-КАВКАЗСКИЙ ФЕДЕРАЛЬНЫЙ ОКРУГ
ИМ	12/2021	TR	3402209000		41062,25	42245,78	0	26000 - РЕСПУБЛИКА ИНГУШЕТИЯ	08-СЕВЕРО-КАВКАЗСКИЙ ФЕДЕРАЛЬНЫЙ ОКРУГ
ИМ	06/2021	TR	3402209000		19703,2	22302,6	0	26000 - РЕСПУБЛИКА ИНГУШЕТИЯ	08-СЕВЕРО-КАВКАЗСКИЙ ФЕДЕРАЛЬНЫЙ ОКРУГ
ЭК	11/2021	GE	1101001500		390108,7	1300000	0	26000 - РЕСПУБЛИКА ИНГУШЕТИЯ	08-СЕВЕРО-КАВКАЗСКИЙ ФЕДЕРАЛЬНЫЙ ОКРУГ
ЭК	10/2021	GE	1101001500		223187,5	821500	0	26000 - РЕСПУБЛИКА ИНГУШЕТИЯ	08-СЕВЕРО-КАВКАЗСКИЙ ФЕДЕРАЛЬНЫЙ ОКРУГ
ИМ	11/2021	NL	9406903100		262912,09	65077,28	0	26000 - РЕСПУБЛИКА ИНГУШЕТИЯ	08-СЕВЕРО-КАВКАЗСКИЙ ФЕДЕРАЛЬНЫЙ ОКРУГ
ИМ	07/2021	NNN	8482919000		33,23	0,01	0	26000 - РЕСПУБЛИКА ИНГУШЕТИЯ	08-СЕВЕРО-КАВКАЗСКИЙ ФЕДЕРАЛЬНЫЙ ОКРУГ
ЭК	12/2021	LT	4407919000	113	93087,47	212100	196,39	26000 - РЕСПУБЛИКА ИНГУШЕТИЯ	08-СЕВЕРО-КАВКАЗСКИЙ ФЕДЕРАЛЬНЫЙ ОКРУГ
ЭК	11/2021	ES	4407919000	113	54274,48	61700	89,67	26000 - РЕСПУБЛИКА ИНГУШЕТИЯ	08-СЕВЕРО-КАВКАЗСКИЙ ФЕДЕРАЛЬНЫЙ ОКРУГ
ЭК	04/2021	DE	4407919000	113	43452,23	39100	55,14	26000 - РЕСПУБЛИКА ИНГУШЕТИЯ	08-СЕВЕРО-КАВКАЗСКИЙ ФЕДЕРАЛЬНЫЙ ОКРУГ
ЭК	08/2021	BY	4407919000	113	1695,46	4300	4,133	26000 - РЕСПУБЛИКА ИНГУШЕТИЯ	08-СЕВЕРО-КАВКАЗСКИЙ ФЕДЕРАЛЬНЫЙ ОКРУГ
ЭК	06/2021	LT	4407919000	113	47574,74	106350	99,93	26000 - РЕСПУБЛИКА ИНГУШЕТИЯ	08-СЕВЕРО-КАВКАЗСКИЙ ФЕДЕРАЛЬНЫЙ ОКРУГ
ЭК	10/2021	ES	4407919000	113	72606,15	64800	78,3	26000 - РЕСПУБЛИКА ИНГУШЕТИЯ	08-СЕВЕРО-КАВКАЗСКИЙ ФЕДЕРАЛЬНЫЙ ОКРУГ
ЭК	10/2021	DE	4407199800	113	10280,68	21900	24,66	26000 - РЕСПУБЛИКА ИНГУШЕТИЯ	08-СЕВЕРО-КАВКАЗСКИЙ ФЕДЕРАЛЬНЫЙ ОКРУГ
ИМ	09/2021	TR	4016930005		9188,1	300	0	26000 - РЕСПУБЛИКА ИНГУШЕТИЯ	08-СЕВЕРО-КАВКАЗСКИЙ ФЕДЕРАЛЬНЫЙ ОКРУГ
ИМ	01/2021	TR	4016930005		20090,41	585	0	26000 - РЕСПУБЛИКА ИНГУШЕТИЯ	08-СЕВЕРО-КАВКАЗСКИЙ ФЕДЕРАЛЬНЫЙ ОКРУГ
ИМ	09/2021	CN	4409101100	006	16050	24468,2	20926	26000 - РЕСПУБЛИКА ИНГУШЕТИЯ	08-СЕВЕРО-КАВКАЗСКИЙ ФЕДЕРАЛЬНЫЙ ОКРУГ
ЭК	01/2021	KZ	8207199009		9863,7	152,5	0	26000 - РЕСПУБЛИКА ИНГУШЕТИЯ	08-СЕВЕРО-КАВКАЗСКИЙ ФЕДЕРАЛЬНЫЙ ОКРУГ
ЭК	07/2021	BY	7322190000		14244,53	4014	0	26000 - РЕСПУБЛИКА ИНГУШЕТИЯ	08-СЕВЕРО-КАВКАЗСКИЙ ФЕДЕРАЛЬНЫЙ ОКРУГ
ЭК	02/2021	BY	7604109000		656,21	227	0	26000 - РЕСПУБЛИКА ИНГУШЕТИЯ	08-СЕВЕРО-КАВКАЗСКИЙ ФЕДЕРАЛЬНЫЙ ОКРУГ
ЭК	11/2021	UZ	7616991003		67846	34902	0	26000 - РЕСПУБЛИКА ИНГУШЕТИЯ	08-СЕВЕРО-КАВКАЗСКИЙ ФЕДЕРАЛЬНЫЙ ОКРУГ
ЭК	09/2021	AZ	7616991003		57750	19387	0	26000 - РЕСПУБЛИКА ИНГУШЕТИЯ	08-СЕВЕРО-КАВКАЗСКИЙ ФЕДЕРАЛЬНЫЙ ОКРУГ
ЭК	05/2021	AZ	7616991003		54450	20295	0	26000 - РЕСПУБЛИКА ИНГУШЕТИЯ	08-СЕВЕРО-КАВКАЗСКИЙ ФЕДЕРАЛЬНЫЙ ОКРУГ
ЭК	06/2021	KZ	7616991003		64118,8	15255	0	26000 - РЕСПУБЛИКА ИНГУШЕТИЯ	08-СЕВЕРО-КАВКАЗСКИЙ ФЕДЕРАЛЬНЫЙ ОКРУГ
ИМ	07/2021	NL	8441800000	796	217906,31	4980,5	2	26000 - РЕСПУБЛИКА ИНГУШЕТИЯ	08-СЕВЕРО-КАВКАЗСКИЙ ФЕДЕРАЛЬНЫЙ ОКРУГ
ИМ	03/2021	TR	8474310009	796	40073,38	9220	1	26000 - РЕСПУБЛИКА ИНГУШЕТИЯ	08-СЕВЕРО-КАВКАЗСКИЙ ФЕДЕРАЛЬНЫЙ ОКРУГ
ИМ	08/2021	IT	8479908000		25790,67	220,65	0	26000 - РЕСПУБЛИКА ИНГУШЕТИЯ	08-СЕВЕРО-КАВКАЗСКИЙ ФЕДЕРАЛЬНЫЙ ОКРУГ
ИМ	04/2021	CN	8481401000		1141,05	61,8	0	26000 - РЕСПУБЛИКА ИНГУШЕТИЯ	08-СЕВЕРО-КАВКАЗСКИЙ ФЕДЕРАЛЬНЫЙ ОКРУГ
ИМ	04/2021	CN	8431390000		502,98	16,84	0	26000 - РЕСПУБЛИКА ИНГУШЕТИЯ	08-СЕВЕРО-КАВКАЗСКИЙ ФЕДЕРАЛЬНЫЙ ОКРУГ
ИМ	05/2021	JP	8525803000	796	7123,7	30,69	23	26000 - РЕСПУБЛИКА ИНГУШЕТИЯ	08-СЕВЕРО-КАВКАЗСКИЙ ФЕДЕРАЛЬНЫЙ ОКРУГ
ИМ	04/2021	IT	0602208000	796	52178,6	5740	11509	26000 - РЕСПУБЛИКА ИНГУШЕТИЯ	08-СЕВЕРО-КАВКАЗСКИЙ ФЕДЕРАЛЬНЫЙ ОКРУГ
ЭК	08/2021	UA	2201101900	112	1728,26	12852	12852	26000 - РЕСПУБЛИКА ИНГУШЕТИЯ	08-СЕВЕРО-КАВКАЗСКИЙ ФЕДЕРАЛЬНЫЙ ОКРУГ
ИМ	05/2021	BY	9403500009	796	1229,17	159	3	26000 - РЕСПУБЛИКА ИНГУШЕТИЯ	08-СЕВЕРО-КАВКАЗСКИЙ ФЕДЕРАЛЬНЫЙ ОКРУГ
ИМ	05/2021	IT	8424499100	796	74861,03	4280	4	26000 - РЕСПУБЛИКА ИНГУШЕТИЯ	08-СЕВЕРО-КАВКАЗСКИЙ ФЕДЕРАЛЬНЫЙ ОКРУГ
ЭК	05/2021	KZ	8207199001		6824,75	120	0	26000 - РЕСПУБЛИКА ИНГУШЕТИЯ	08-СЕВЕРО-КАВКАЗСКИЙ ФЕДЕРАЛЬНЫЙ ОКРУГ
ЭК	10/2021	KZ	8207191000		11779,8	210,76	0	26000 - РЕСПУБЛИКА ИНГУШЕТИЯ	08-СЕВЕРО-КАВКАЗСКИЙ ФЕДЕРАЛЬНЫЙ ОКРУГ
ИМ	03/2021	TR	3402209000		12945,55	10952	0	26000 - РЕСПУБЛИКА ИНГУШЕТИЯ	08-СЕВЕРО-КАВКАЗСКИЙ ФЕДЕРАЛЬНЫЙ ОКРУГ
ИМ	09/2021	TR	3401300000		13207,32	9290,39	0	26000 - РЕСПУБЛИКА ИНГУШЕТИЯ	08-СЕВЕРО-КАВКАЗСКИЙ ФЕДЕРАЛЬНЫЙ ОКРУГ
ИМ	04/2021	TR	3401300000		1440,08	1239,3	0	26000 - РЕСПУБЛИКА ИНГУШЕТИЯ	08-СЕВЕРО-КАВКАЗСКИЙ ФЕДЕРАЛЬНЫЙ ОКРУГ
ИМ	04/2021	TR	3401110009		2046,58	1067,1	0	26000 - РЕСПУБЛИКА ИНГУШЕТИЯ	08-СЕВЕРО-КАВКАЗСКИЙ ФЕДЕРАЛЬНЫЙ ОКРУГ
ИМ	03/2021	TR	3401110009		4054,1	2410	0	26000 - РЕСПУБЛИКА ИНГУШЕТИЯ	08-СЕВЕРО-КАВКАЗСКИЙ ФЕДЕРАЛЬНЫЙ ОКРУГ
ИМ	10/2021	UZ	3402209000		1371,8	1110	0	26000 - РЕСПУБЛИКА ИНГУШЕТИЯ	08-СЕВЕРО-КАВКАЗСКИЙ ФЕДЕРАЛЬНЫЙ ОКРУГ
ИМ	05/2021	TR	2828900000		11375,89	20524,68	0	26000 - РЕСПУБЛИКА ИНГУШЕТИЯ	08-СЕВЕРО-КАВКАЗСКИЙ ФЕДЕРАЛЬНЫЙ ОКРУГ
ИМ	03/2021	TR	2828900000		2842,12	5150	0	26000 - РЕСПУБЛИКА ИНГУШЕТИЯ	08-СЕВЕРО-КАВКАЗСКИЙ ФЕДЕРАЛЬНЫЙ ОКРУГ
ИМ	03/2021	TR	3405400000		1170,27	1804	0	26000 - РЕСПУБЛИКА ИНГУШЕТИЯ	08-СЕВЕРО-КАВКАЗСКИЙ ФЕДЕРАЛЬНЫЙ ОКРУГ
ИМ	01/2021	TR	3401110009		2211,94	2045	0	26000 - РЕСПУБЛИКА ИНГУШЕТИЯ	08-СЕВЕРО-КАВКАЗСКИЙ ФЕДЕРАЛЬНЫЙ ОКРУГ
ИМ	06/2021	UZ	3305100000		2249,38	1284	0	26000 - РЕСПУБЛИКА ИНГУШЕТИЯ	08-СЕВЕРО-КАВКАЗСКИЙ ФЕДЕРАЛЬНЫЙ ОКРУГ
ИМ	09/2021	TR	3305100000		8834,62	5917,98	0	26000 - РЕСПУБЛИКА ИНГУШЕТИЯ	08-СЕВЕРО-КАВКАЗСКИЙ ФЕДЕРАЛЬНЫЙ ОКРУГ
ИМ	04/2021	TR	3305100000		472,98	369,36	0	26000 - РЕСПУБЛИКА ИНГУШЕТИЯ	08-СЕВЕРО-КАВКАЗСКИЙ ФЕДЕРАЛЬНЫЙ ОКРУГ
ИМ	06/2021	UZ	3401190000		12411,88	8676	0	26000 - РЕСПУБЛИКА ИНГУШЕТИЯ	08-СЕВЕРО-КАВКАЗСКИЙ ФЕДЕРАЛЬНЫЙ ОКРУГ
ИМ	01/2021	TR	3401300000		1449,29	1380	0	26000 - РЕСПУБЛИКА ИНГУШЕТИЯ	08-СЕВЕРО-КАВКАЗСКИЙ ФЕДЕРАЛЬНЫЙ ОКРУГ
ИМ	09/2021	CN	6802910000		24811,57	26250	0	26000 - РЕСПУБЛИКА ИНГУШЕТИЯ	08-СЕВЕРО-КАВКАЗСКИЙ ФЕДЕРАЛЬНЫЙ ОКРУГ
ИМ	05/2021	TR	7308905900		7826,5	2676	0	26000 - РЕСПУБЛИКА ИНГУШЕТИЯ	08-СЕВЕРО-КАВКАЗСКИЙ ФЕДЕРАЛЬНЫЙ ОКРУГ
ИМ	04/2021	BY	6911100000		42800,95	20766,545	0	26000 - РЕСПУБЛИКА ИНГУШЕТИЯ	08-СЕВЕРО-КАВКАЗСКИЙ ФЕДЕРАЛЬНЫЙ ОКРУГ
ИМ	03/2021	IT	7307998009		30342,33	5960	0	26000 - РЕСПУБЛИКА ИНГУШЕТИЯ	08-СЕВЕРО-КАВКАЗСКИЙ ФЕДЕРАЛЬНЫЙ ОКРУГ
ИМ	07/2021	CN	4409101100	006	15100	24430	20518	26000 - РЕСПУБЛИКА ИНГУШЕТИЯ	08-СЕВЕРО-КАВКАЗСКИЙ ФЕДЕРАЛЬНЫЙ ОКРУГ
ЭК	12/2021	ES	4407919000	113	36171,57	41400	61,44	26000 - РЕСПУБЛИКА ИНГУШЕТИЯ	08-СЕВЕРО-КАВКАЗСКИЙ ФЕДЕРАЛЬНЫЙ ОКРУГ
ЭК	05/2021	ES	4407919000	113	37887,59	43000	37,73	26000 - РЕСПУБЛИКА ИНГУШЕТИЯ	08-СЕВЕРО-КАВКАЗСКИЙ ФЕДЕРАЛЬНЫЙ ОКРУГ
ЭК	07/2021	DE	4407919000	113	65819,91	39300	58,37	26000 - РЕСПУБЛИКА ИНГУШЕТИЯ	08-СЕВЕРО-КАВКАЗСКИЙ ФЕДЕРАЛЬНЫЙ ОКРУГ
ИМ	08/2021	TM	4202310000		180	1,8	0	26000 - РЕСПУБЛИКА ИНГУШЕТИЯ	08-СЕВЕРО-КАВКАЗСКИЙ ФЕДЕРАЛЬНЫЙ ОКРУГ
ЭК	01/2021	KZ	7616991003		9149,54	2300	0	26000 - РЕСПУБЛИКА ИНГУШЕТИЯ	08-СЕВЕРО-КАВКАЗСКИЙ ФЕДЕРАЛЬНЫЙ ОКРУГ
ЭК	09/2021	UZ	7616991003		34650	20350	0	26000 - РЕСПУБЛИКА ИНГУШЕТИЯ	08-СЕВЕРО-КАВКАЗСКИЙ ФЕДЕРАЛЬНЫЙ ОКРУГ
ЭК	03/2021	UZ	7616991003		29254	16057	0	26000 - РЕСПУБЛИКА ИНГУШЕТИЯ	08-СЕВЕРО-КАВКАЗСКИЙ ФЕДЕРАЛЬНЫЙ ОКРУГ
ИМ	08/2021	IT	8207703700		877,61	0,6	0	26000 - РЕСПУБЛИКА ИНГУШЕТИЯ	08-СЕВЕРО-КАВКАЗСКИЙ ФЕДЕРАЛЬНЫЙ ОКРУГ
ЭК	01/2021	KG	7322190000		4245,55	1560	0	26000 - РЕСПУБЛИКА ИНГУШЕТИЯ	08-СЕВЕРО-КАВКАЗСКИЙ ФЕДЕРАЛЬНЫЙ ОКРУГ
ЭК	04/2021	BY	7322190000		10005,85	3291	0	26000 - РЕСПУБЛИКА ИНГУШЕТИЯ	08-СЕВЕРО-КАВКАЗСКИЙ ФЕДЕРАЛЬНЫЙ ОКРУГ
ИМ	03/2021	TR	7318163009		248,49	56	0	26000 - РЕСПУБЛИКА ИНГУШЕТИЯ	08-СЕВЕРО-КАВКАЗСКИЙ ФЕДЕРАЛЬНЫЙ ОКРУГ
ЭК	02/2021	KZ	7616991003		2439,83	600	0	26000 - РЕСПУБЛИКА ИНГУШЕТИЯ	08-СЕВЕРО-КАВКАЗСКИЙ ФЕДЕРАЛЬНЫЙ ОКРУГ
ЭК	01/2021	KG	7616991003		14770,71	4496	0	26000 - РЕСПУБЛИКА ИНГУШЕТИЯ	08-СЕВЕРО-КАВКАЗСКИЙ ФЕДЕРАЛЬНЫЙ ОКРУГ
ЭК	12/2021	UZ	7616991003		50550	25000	0	26000 - РЕСПУБЛИКА ИНГУШЕТИЯ	08-СЕВЕРО-КАВКАЗСКИЙ ФЕДЕРАЛЬНЫЙ ОКРУГ
ЭК	06/2021	UZ	7616991003		19908	10170	0	26000 - РЕСПУБЛИКА ИНГУШЕТИЯ	08-СЕВЕРО-КАВКАЗСКИЙ ФЕДЕРАЛЬНЫЙ ОКРУГ
ЭК	11/2021	KZ	8207191000		38322,67	517,5	0	26000 - РЕСПУБЛИКА ИНГУШЕТИЯ	08-СЕВЕРО-КАВКАЗСКИЙ ФЕДЕРАЛЬНЫЙ ОКРУГ
ЭК	10/2021	BY	7616991003		18250,61	3605	0	26000 - РЕСПУБЛИКА ИНГУШЕТИЯ	08-СЕВЕРО-КАВКАЗСКИЙ ФЕДЕРАЛЬНЫЙ ОКРУГ
ЭК	07/2021	BY	7616991003		18539,43	3995	0	26000 - РЕСПУБЛИКА ИНГУШЕТИЯ	08-СЕВЕРО-КАВКАЗСКИЙ ФЕДЕРАЛЬНЫЙ ОКРУГ
ЭК	02/2021	BY	7616991003		10948,41	2534	0	26000 - РЕСПУБЛИКА ИНГУШЕТИЯ	08-СЕВЕРО-КАВКАЗСКИЙ ФЕДЕРАЛЬНЫЙ ОКРУГ
ИМ	03/2021	TR	7318153009		4238,21	891	0	26000 - РЕСПУБЛИКА ИНГУШЕТИЯ	08-СЕВЕРО-КАВКАЗСКИЙ ФЕДЕРАЛЬНЫЙ ОКРУГ
ИМ	03/2021	TR	8428330000	796	7339,06	2000	1	26000 - РЕСПУБЛИКА ИНГУШЕТИЯ	08-СЕВЕРО-КАВКАЗСКИЙ ФЕДЕРАЛЬНЫЙ ОКРУГ
ИМ	05/2021	TR	8536900100		1170,48	76,05	0	26000 - РЕСПУБЛИКА ИНГУШЕТИЯ	08-СЕВЕРО-КАВКАЗСКИЙ ФЕДЕРАЛЬНЫЙ ОКРУГ
ЭК	08/2021	FI	8703239088	796	47587,18	2185	1	26000 - РЕСПУБЛИКА ИНГУШЕТИЯ	08-СЕВЕРО-КАВКАЗСКИЙ ФЕДЕРАЛЬНЫЙ ОКРУГ
ИМ	02/2021	TR	8537209100		10668,43	879,8	0	26000 - РЕСПУБЛИКА ИНГУШЕТИЯ	08-СЕВЕРО-КАВКАЗСКИЙ ФЕДЕРАЛЬНЫЙ ОКРУГ
ИМ	02/2021	DE	8538909909		2,67	0,17	0	26000 - РЕСПУБЛИКА ИНГУШЕТИЯ	08-СЕВЕРО-КАВКАЗСКИЙ ФЕДЕРАЛЬНЫЙ ОКРУГ
ИМ	02/2021	BY	9403601009	796	8815,43	2045	21	26000 - РЕСПУБЛИКА ИНГУШЕТИЯ	08-СЕВЕРО-КАВКАЗСКИЙ ФЕДЕРАЛЬНЫЙ ОКРУГ
ИМ	06/2021	CN	9025198009	796	598,79	3,9	10	26000 - РЕСПУБЛИКА ИНГУШЕТИЯ	08-СЕВЕРО-КАВКАЗСКИЙ ФЕДЕРАЛЬНЫЙ ОКРУГ
ИМ	07/2021	TR	8504409000	796	3015,37	0,23	4	26000 - РЕСПУБЛИКА ИНГУШЕТИЯ	08-СЕВЕРО-КАВКАЗСКИЙ ФЕДЕРАЛЬНЫЙ ОКРУГ
ИМ	11/2021	IT	8474801080	796	331213,46	15798	0	26000 - РЕСПУБЛИКА ИНГУШЕТИЯ	08-СЕВЕРО-КАВКАЗСКИЙ ФЕДЕРАЛЬНЫЙ ОКРУГ
ИМ	07/2021	TR	8460298009	796	20720,1	950	1	26000 - РЕСПУБЛИКА ИНГУШЕТИЯ	08-СЕВЕРО-КАВКАЗСКИЙ ФЕДЕРАЛЬНЫЙ ОКРУГ
ИМ	04/2021	IT	8454900000		5591,09	45,73	0	26000 - РЕСПУБЛИКА ИНГУШЕТИЯ	08-СЕВЕРО-КАВКАЗСКИЙ ФЕДЕРАЛЬНЫЙ ОКРУГ
ИМ	09/2021	CN	8480410000		50505,33	873	0	26000 - РЕСПУБЛИКА ИНГУШЕТИЯ	08-СЕВЕРО-КАВКАЗСКИЙ ФЕДЕРАЛЬНЫЙ ОКРУГ
ИМ	07/2021	CN	8480410000		119309,02	1680	0	26000 - РЕСПУБЛИКА ИНГУШЕТИЯ	08-СЕВЕРО-КАВКАЗСКИЙ ФЕДЕРАЛЬНЫЙ ОКРУГ
ИМ	08/2021	IT	7318155900		281,27	0,8	0	26000 - РЕСПУБЛИКА ИНГУШЕТИЯ	08-СЕВЕРО-КАВКАЗСКИЙ ФЕДЕРАЛЬНЫЙ ОКРУГ
ЭК	04/2021	GE	1101001509		81187,35	280000	0	26000 - РЕСПУБЛИКА ИНГУШЕТИЯ	08-СЕВЕРО-КАВКАЗСКИЙ ФЕДЕРАЛЬНЫЙ ОКРУГ
ЭК	12/2021	GE	1101001500		164971,46	549500	0	26000 - РЕСПУБЛИКА ИНГУШЕТИЯ	08-СЕВЕРО-КАВКАЗСКИЙ ФЕДЕРАЛЬНЫЙ ОКРУГ
ИМ	06/2021	BY	0405101100		47268	8030	0	26000 - РЕСПУБЛИКА ИНГУШЕТИЯ	08-СЕВЕРО-КАВКАЗСКИЙ ФЕДЕРАЛЬНЫЙ ОКРУГ
ИМ	06/2021	BY	0401501100		363	192,6	0	26000 - РЕСПУБЛИКА ИНГУШЕТИЯ	08-СЕВЕРО-КАВКАЗСКИЙ ФЕДЕРАЛЬНЫЙ ОКРУГ
ИМ	06/2021	BY	0405101900		8841	1790	0	26000 - РЕСПУБЛИКА ИНГУШЕТИЯ	08-СЕВЕРО-КАВКАЗСКИЙ ФЕДЕРАЛЬНЫЙ ОКРУГ
ИМ	06/2021	BY	0401201900		1488	2765,25	0	26000 - РЕСПУБЛИКА ИНГУШЕТИЯ	08-СЕВЕРО-КАВКАЗСКИЙ ФЕДЕРАЛЬНЫЙ ОКРУГ
ЭК	05/2021	GE	1101001509		35691,82	122500	0	26000 - РЕСПУБЛИКА ИНГУШЕТИЯ	08-СЕВЕРО-КАВКАЗСКИЙ ФЕДЕРАЛЬНЫЙ ОКРУГ
ИМ	06/2021	BY	0403101100		143	128,25	0	26000 - РЕСПУБЛИКА ИНГУШЕТИЯ	08-СЕВЕРО-КАВКАЗСКИЙ ФЕДЕРАЛЬНЫЙ ОКРУГ
ЭК	10/2021	IQ	1101001500		12300	40000	0	26000 - РЕСПУБЛИКА ИНГУШЕТИЯ	08-СЕВЕРО-КАВКАЗСКИЙ ФЕДЕРАЛЬНЫЙ ОКРУГ
ЭК	08/2021	LT	4407919000	113	120365,95	170600	195,9	26000 - РЕСПУБЛИКА ИНГУШЕТИЯ	08-СЕВЕРО-КАВКАЗСКИЙ ФЕДЕРАЛЬНЫЙ ОКРУГ
ЭК	05/2021	LT	4407919000	113	69649	116900	111,53	26000 - РЕСПУБЛИКА ИНГУШЕТИЯ	08-СЕВЕРО-КАВКАЗСКИЙ ФЕДЕРАЛЬНЫЙ ОКРУГ
ЭК	04/2021	LT	4407919000	113	85375,43	182200	168,11	26000 - РЕСПУБЛИКА ИНГУШЕТИЯ	08-СЕВЕРО-КАВКАЗСКИЙ ФЕДЕРАЛЬНЫЙ ОКРУГ
ЭК	04/2021	ES	4407919000	113	18444,33	21500	19,03	26000 - РЕСПУБЛИКА ИНГУШЕТИЯ	08-СЕВЕРО-КАВКАЗСКИЙ ФЕДЕРАЛЬНЫЙ ОКРУГ
ЭК	03/2021	ES	4407919000	113	16768,31	21600	19,1	26000 - РЕСПУБЛИКА ИНГУШЕТИЯ	08-СЕВЕРО-КАВКАЗСКИЙ ФЕДЕРАЛЬНЫЙ ОКРУГ
ЭК	11/2021	DE	4407919000	113	27229,43	21500	32,44	26000 - РЕСПУБЛИКА ИНГУШЕТИЯ	08-СЕВЕРО-КАВКАЗСКИЙ ФЕДЕРАЛЬНЫЙ ОКРУГ
ЭК	03/2021	LT	4407199800	113	14963,67	45700	52,93	26000 - РЕСПУБЛИКА ИНГУШЕТИЯ	08-СЕВЕРО-КАВКАЗСКИЙ ФЕДЕРАЛЬНЫЙ ОКРУГ
ИМ	10/2021	TR	3401300000		4911,81	2700	0	26000 - РЕСПУБЛИКА ИНГУШЕТИЯ	08-СЕВЕРО-КАВКАЗСКИЙ ФЕДЕРАЛЬНЫЙ ОКРУГ
ИМ	01/2021	TR	3402209000		14218,63	13555	0	26000 - РЕСПУБЛИКА ИНГУШЕТИЯ	08-СЕВЕРО-КАВКАЗСКИЙ ФЕДЕРАЛЬНЫЙ ОКРУГ
ИМ	04/2021	TR	9405109807		27169	1588	0	26000 - РЕСПУБЛИКА ИНГУШЕТИЯ	08-СЕВЕРО-КАВКАЗСКИЙ ФЕДЕРАЛЬНЫЙ ОКРУГ
ИМ	02/2021	TR	6907219009	055	6,22	35	1,26	26000 - РЕСПУБЛИКА ИНГУШЕТИЯ	08-СЕВЕРО-КАВКАЗСКИЙ ФЕДЕРАЛЬНЫЙ ОКРУГ
ИМ	09/2021	BY	6911100000		46939,99	21162,132	0	26000 - РЕСПУБЛИКА ИНГУШЕТИЯ	08-СЕВЕРО-КАВКАЗСКИЙ ФЕДЕРАЛЬНЫЙ ОКРУГ
ИМ	06/2021	BY	6911100000		37483,18	21723,105	0	26000 - РЕСПУБЛИКА ИНГУШЕТИЯ	08-СЕВЕРО-КАВКАЗСКИЙ ФЕДЕРАЛЬНЫЙ ОКРУГ
ИМ	02/2021	TR	6802210000		12427,65	20915	0	26000 - РЕСПУБЛИКА ИНГУШЕТИЯ	08-СЕВЕРО-КАВКАЗСКИЙ ФЕДЕРАЛЬНЫЙ ОКРУГ
ИМ	12/2021	TR	6802910000		15472,79	21800	0	26000 - РЕСПУБЛИКА ИНГУШЕТИЯ	08-СЕВЕРО-КАВКАЗСКИЙ ФЕДЕРАЛЬНЫЙ ОКРУГ
ИМ	05/2021	BY	7009920000		143,11	30	0	26000 - РЕСПУБЛИКА ИНГУШЕТИЯ	08-СЕВЕРО-КАВКАЗСКИЙ ФЕДЕРАЛЬНЫЙ ОКРУГ
ИМ	10/2021	TR	6802910000		14696,36	22738	0	26000 - РЕСПУБЛИКА ИНГУШЕТИЯ	08-СЕВЕРО-КАВКАЗСКИЙ ФЕДЕРАЛЬНЫЙ ОКРУГ
ИМ	07/2021	TR	6802910000		15552,73	21800	0	26000 - РЕСПУБЛИКА ИНГУШЕТИЯ	08-СЕВЕРО-КАВКАЗСКИЙ ФЕДЕРАЛЬНЫЙ ОКРУГ
ИМ	04/2021	TR	6802910000		15065,73	21650	0	26000 - РЕСПУБЛИКА ИНГУШЕТИЯ	08-СЕВЕРО-КАВКАЗСКИЙ ФЕДЕРАЛЬНЫЙ ОКРУГ
ИМ	10/2021	BY	6911100000		40813,17	18604,005	0	26000 - РЕСПУБЛИКА ИНГУШЕТИЯ	08-СЕВЕРО-КАВКАЗСКИЙ ФЕДЕРАЛЬНЫЙ ОКРУГ
ИМ	05/2021	TR	7318163009		191,71	43,9	0	26000 - РЕСПУБЛИКА ИНГУШЕТИЯ	08-СЕВЕРО-КАВКАЗСКИЙ ФЕДЕРАЛЬНЫЙ ОКРУГ
ИМ	10/2021	CN	7322190000		130741,67	66600	0	26000 - РЕСПУБЛИКА ИНГУШЕТИЯ	08-СЕВЕРО-КАВКАЗСКИЙ ФЕДЕРАЛЬНЫЙ ОКРУГ
ЭК	08/2021	UZ	7322190000		13984	14246	0	26000 - РЕСПУБЛИКА ИНГУШЕТИЯ	08-СЕВЕРО-КАВКАЗСКИЙ ФЕДЕРАЛЬНЫЙ ОКРУГ
ЭК	06/2021	UZ	7322190000		9984	9734,4	0	26000 - РЕСПУБЛИКА ИНГУШЕТИЯ	08-СЕВЕРО-КАВКАЗСКИЙ ФЕДЕРАЛЬНЫЙ ОКРУГ
ЭК	04/2021	UZ	7322190000		3840	3744	0	26000 - РЕСПУБЛИКА ИНГУШЕТИЯ	08-СЕВЕРО-КАВКАЗСКИЙ ФЕДЕРАЛЬНЫЙ ОКРУГ
ИМ	06/2021	TR	7308905900		17573,5	4524	0	26000 - РЕСПУБЛИКА ИНГУШЕТИЯ	08-СЕВЕРО-КАВКАЗСКИЙ ФЕДЕРАЛЬНЫЙ ОКРУГ
ИМ	06/2021	BY	8465990000	796	2059,72	820	1	26000 - РЕСПУБЛИКА ИНГУШЕТИЯ	08-СЕВЕРО-КАВКАЗСКИЙ ФЕДЕРАЛЬНЫЙ ОКРУГ
ИМ	04/2021	CN	8480410000		63041,63	1070,4	0	26000 - РЕСПУБЛИКА ИНГУШЕТИЯ	08-СЕВЕРО-КАВКАЗСКИЙ ФЕДЕРАЛЬНЫЙ ОКРУГ
ИМ	03/2021	IT	8479908000		3482,71	6,4	0	26000 - РЕСПУБЛИКА ИНГУШЕТИЯ	08-СЕВЕРО-КАВКАЗСКИЙ ФЕДЕРАЛЬНЫЙ ОКРУГ
ИМ	04/2021	CN	8482109008	796	496,64	15,8	20	26000 - РЕСПУБЛИКА ИНГУШЕТИЯ	08-СЕВЕРО-КАВКАЗСКИЙ ФЕДЕРАЛЬНЫЙ ОКРУГ
ИМ	03/2021	TR	8536900100		9328,17	705	0	26000 - РЕСПУБЛИКА ИНГУШЕТИЯ	08-СЕВЕРО-КАВКАЗСКИЙ ФЕДЕРАЛЬНЫЙ ОКРУГ
ИМ	06/2021	IT	8424499100	796	74302,36	4280	4	26000 - РЕСПУБЛИКА ИНГУШЕТИЯ	08-СЕВЕРО-КАВКАЗСКИЙ ФЕДЕРАЛЬНЫЙ ОКРУГ
ИМ	07/2021	IT	8454900000		4300,09	38,28	0	26000 - РЕСПУБЛИКА ИНГУШЕТИЯ	08-СЕВЕРО-КАВКАЗСКИЙ ФЕДЕРАЛЬНЫЙ ОКРУГ
ЭК	03/2021	KZ	8207199001		2051,93	32	0	26000 - РЕСПУБЛИКА ИНГУШЕТИЯ	08-СЕВЕРО-КАВКАЗСКИЙ ФЕДЕРАЛЬНЫЙ ОКРУГ
ЭК	08/2021	BY	7604109000		6874,56	1748	0	26000 - РЕСПУБЛИКА ИНГУШЕТИЯ	08-СЕВЕРО-КАВКАЗСКИЙ ФЕДЕРАЛЬНЫЙ ОКРУГ
ЭК	07/2021	KZ	7616991003		30790,27	7040	0	26000 - РЕСПУБЛИКА ИНГУШЕТИЯ	08-СЕВЕРО-КАВКАЗСКИЙ ФЕДЕРАЛЬНЫЙ ОКРУГ
ИМ	10/2021	IT	7419999000		14408,14	72,2	0	26000 - РЕСПУБЛИКА ИНГУШЕТИЯ	08-СЕВЕРО-КАВКАЗСКИЙ ФЕДЕРАЛЬНЫЙ ОКРУГ
ЭК	08/2021	KZ	8207191000		1640,72	36	0	26000 - РЕСПУБЛИКА ИНГУШЕТИЯ	08-СЕВЕРО-КАВКАЗСКИЙ ФЕДЕРАЛЬНЫЙ ОКРУГ
ЭК	08/2021	BY	7616991003		16274,17	3442	0	26000 - РЕСПУБЛИКА ИНГУШЕТИЯ	08-СЕВЕРО-КАВКАЗСКИЙ ФЕДЕРАЛЬНЫЙ ОКРУГ
ЭК	11/2021	AZ	7616991003		64974	20770,59	0	26000 - РЕСПУБЛИКА ИНГУШЕТИЯ	08-СЕВЕРО-КАВКАЗСКИЙ ФЕДЕРАЛЬНЫЙ ОКРУГ
ЭК	07/2021	AZ	7616991003		57029	20490	0	26000 - РЕСПУБЛИКА ИНГУШЕТИЯ	08-СЕВЕРО-КАВКАЗСКИЙ ФЕДЕРАЛЬНЫЙ ОКРУГ
ЭК	06/2021	AZ	7616991003		58938	20451	0	26000 - РЕСПУБЛИКА ИНГУШЕТИЯ	08-СЕВЕРО-КАВКАЗСКИЙ ФЕДЕРАЛЬНЫЙ ОКРУГ
ИМ	07/2021	TR	8544429009		472,37	3,75	0	26000 - РЕСПУБЛИКА ИНГУШЕТИЯ	08-СЕВЕРО-КАВКАЗСКИЙ ФЕДЕРАЛЬНЫЙ ОКРУГ
ИМ	08/2021	TR	3402209000		17503,34	19808,4	0	26000 - РЕСПУБЛИКА ИНГУШЕТИЯ	08-СЕВЕРО-КАВКАЗСКИЙ ФЕДЕРАЛЬНЫЙ ОКРУГ
ИМ	04/2021	TR	3402209000		17018,7	19415,2	0	26000 - РЕСПУБЛИКА ИНГУШЕТИЯ	08-СЕВЕРО-КАВКАЗСКИЙ ФЕДЕРАЛЬНЫЙ ОКРУГ
ИМ	10/2021	IT	4010350000		1774,97	4	0	26000 - РЕСПУБЛИКА ИНГУШЕТИЯ	08-СЕВЕРО-КАВКАЗСКИЙ ФЕДЕРАЛЬНЫЙ ОКРУГ
ИМ	08/2021	IT	4010350000		896,63	2	0	26000 - РЕСПУБЛИКА ИНГУШЕТИЯ	08-СЕВЕРО-КАВКАЗСКИЙ ФЕДЕРАЛЬНЫЙ ОКРУГ
ЭК	08/2021	UA	2201900000	112	731,97	6048	6048	26000 - РЕСПУБЛИКА ИНГУШЕТИЯ	08-СЕВЕРО-КАВКАЗСКИЙ ФЕДЕРАЛЬНЫЙ ОКРУГ
ИМ	12/2021	EG	1515909900		101158,47	24107	0	26000 - РЕСПУБЛИКА ИНГУШЕТИЯ	08-СЕВЕРО-КАВКАЗСКИЙ ФЕДЕРАЛЬНЫЙ ОКРУГ
ЭК	09/2021	AF	1101001500		177000	600000	0	26000 - РЕСПУБЛИКА ИНГУШЕТИЯ	08-СЕВЕРО-КАВКАЗСКИЙ ФЕДЕРАЛЬНЫЙ ОКРУГ
ИМ	06/2021	BY	0403905900		23	10,12	0	26000 - РЕСПУБЛИКА ИНГУШЕТИЯ	08-СЕВЕРО-КАВКАЗСКИЙ ФЕДЕРАЛЬНЫЙ ОКРУГ
ИМ	08/2021	TM	4202111000	796	180	2,2	6	26000 - РЕСПУБЛИКА ИНГУШЕТИЯ	08-СЕВЕРО-КАВКАЗСКИЙ ФЕДЕРАЛЬНЫЙ ОКРУГ
ЭК	11/2021	LT	4407919000	113	89447,57	169800	180,71	26000 - РЕСПУБЛИКА ИНГУШЕТИЯ	08-СЕВЕРО-КАВКАЗСКИЙ ФЕДЕРАЛЬНЫЙ ОКРУГ
ЭК	09/2021	ES	4407919000	113	109735,21	108000	114,29	26000 - РЕСПУБЛИКА ИНГУШЕТИЯ	08-СЕВЕРО-КАВКАЗСКИЙ ФЕДЕРАЛЬНЫЙ ОКРУГ
ЭК	10/2021	DE	4407919000	113	97805,65	58600	90,51	26000 - РЕСПУБЛИКА ИНГУШЕТИЯ	08-СЕВЕРО-КАВКАЗСКИЙ ФЕДЕРАЛЬНЫЙ ОКРУГ
ЭК	09/2021	DE	4407919000	113	79455,54	60800	94,43	26000 - РЕСПУБЛИКА ИНГУШЕТИЯ	08-СЕВЕРО-КАВКАЗСКИЙ ФЕДЕРАЛЬНЫЙ ОКРУГ
ЭК	08/2021	DE	4407919000	113	49557,8	40300	62,1	26000 - РЕСПУБЛИКА ИНГУШЕТИЯ	08-СЕВЕРО-КАВКАЗСКИЙ ФЕДЕРАЛЬНЫЙ ОКРУГ
ИМ	02/2021	ES	5608193000		21643,14	4032	0	26000 - РЕСПУБЛИКА ИНГУШЕТИЯ	08-СЕВЕРО-КАВКАЗСКИЙ ФЕДЕРАЛЬНЫЙ ОКРУГ
ИМ	03/2021	TR	4802552500		1663,29	1474,98	0	26000 - РЕСПУБЛИКА ИНГУШЕТИЯ	08-СЕВЕРО-КАВКАЗСКИЙ ФЕДЕРАЛЬНЫЙ ОКРУГ
ЭК	10/2021	LT	4407919000	113	82503,79	172600	181,62	26000 - РЕСПУБЛИКА ИНГУШЕТИЯ	08-СЕВЕРО-КАВКАЗСКИЙ ФЕДЕРАЛЬНЫЙ ОКРУГ
ЭК	09/2021	LT	4407919000	113	73019,66	151200	155,64	26000 - РЕСПУБЛИКА ИНГУШЕТИЯ	08-СЕВЕРО-КАВКАЗСКИЙ ФЕДЕРАЛЬНЫЙ ОКРУГ
ЭК	03/2021	LT	4407919000	113	102771,85	202900	186,45	26000 - РЕСПУБЛИКА ИНГУШЕТИЯ	08-СЕВЕРО-КАВКАЗСКИЙ ФЕДЕРАЛЬНЫЙ ОКРУГ
ИМ	02/2021	CN	4409101100	006	14880	23250	20886	26000 - РЕСПУБЛИКА ИНГУШЕТИЯ	08-СЕВЕРО-КАВКАЗСКИЙ ФЕДЕРАЛЬНЫЙ ОКРУГ
ИМ	01/2021	CN	4409101100	006	14016	22750	17654	26000 - РЕСПУБЛИКА ИНГУШЕТИЯ	08-СЕВЕРО-КАВКАЗСКИЙ ФЕДЕРАЛЬНЫЙ ОКРУГ
ЭК	02/2021	LT	4407199800	113	7427,32	22700	26,21	26000 - РЕСПУБЛИКА ИНГУШЕТИЯ	08-СЕВЕРО-КАВКАЗСКИЙ ФЕДЕРАЛЬНЫЙ ОКРУГ
ЭК	09/2021	KZ	8207199009		9167,53	144	0	26000 - РЕСПУБЛИКА ИНГУШЕТИЯ	08-СЕВЕРО-КАВКАЗСКИЙ ФЕДЕРАЛЬНЫЙ ОКРУГ
ЭК	08/2021	UZ	7616991003		48174	26786	0	26000 - РЕСПУБЛИКА ИНГУШЕТИЯ	08-СЕВЕРО-КАВКАЗСКИЙ ФЕДЕРАЛЬНЫЙ ОКРУГ
ИМ	05/2021	TR	7326909409		3939,4	357,05	0	26000 - РЕСПУБЛИКА ИНГУШЕТИЯ	08-СЕВЕРО-КАВКАЗСКИЙ ФЕДЕРАЛЬНЫЙ ОКРУГ
ЭК	09/2021	KZ	8207199001		1641,95	36	0	26000 - РЕСПУБЛИКА ИНГУШЕТИЯ	08-СЕВЕРО-КАВКАЗСКИЙ ФЕДЕРАЛЬНЫЙ ОКРУГ
ЭК	06/2021	KZ	8207191000		13161,96	204,6	0	26000 - РЕСПУБЛИКА ИНГУШЕТИЯ	08-СЕВЕРО-КАВКАЗСКИЙ ФЕДЕРАЛЬНЫЙ ОКРУГ
ЭК	07/2021	KZ	8302419000		2,33	1,5	0	26000 - РЕСПУБЛИКА ИНГУШЕТИЯ	08-СЕВЕРО-КАВКАЗСКИЙ ФЕДЕРАЛЬНЫЙ ОКРУГ
ЭК	08/2021	AZ	7616991003		54411	20050	0	26000 - РЕСПУБЛИКА ИНГУШЕТИЯ	08-СЕВЕРО-КАВКАЗСКИЙ ФЕДЕРАЛЬНЫЙ ОКРУГ
ИМ	05/2021	IT	8424900000	796	8679,04	110	15	26000 - РЕСПУБЛИКА ИНГУШЕТИЯ	08-СЕВЕРО-КАВКАЗСКИЙ ФЕДЕРАЛЬНЫЙ ОКРУГ
ИМ	05/2021	TR	7326909807		1406,96	62	0	26000 - РЕСПУБЛИКА ИНГУШЕТИЯ	08-СЕВЕРО-КАВКАЗСКИЙ ФЕДЕРАЛЬНЫЙ ОКРУГ
ЭК	08/2021	BY	7322190000		13687,26	3866	0	26000 - РЕСПУБЛИКА ИНГУШЕТИЯ	08-СЕВЕРО-КАВКАЗСКИЙ ФЕДЕРАЛЬНЫЙ ОКРУГ
ЭК	07/2021	UZ	7322190000		12880	9660	0	26000 - РЕСПУБЛИКА ИНГУШЕТИЯ	08-СЕВЕРО-КАВКАЗСКИЙ ФЕДЕРАЛЬНЫЙ ОКРУГ
ИМ	10/2021	IT	7307998009		61155,29	12516	0	26000 - РЕСПУБЛИКА ИНГУШЕТИЯ	08-СЕВЕРО-КАВКАЗСКИЙ ФЕДЕРАЛЬНЫЙ ОКРУГ
ИМ	11/2021	BY	6911100000		45344,34	20784,206	0	26000 - РЕСПУБЛИКА ИНГУШЕТИЯ	08-СЕВЕРО-КАВКАЗСКИЙ ФЕДЕРАЛЬНЫЙ ОКРУГ
ИМ	02/2021	BY	6911100000		4662,34	3436,15	0	26000 - РЕСПУБЛИКА ИНГУШЕТИЯ	08-СЕВЕРО-КАВКАЗСКИЙ ФЕДЕРАЛЬНЫЙ ОКРУГ
ЭК	11/2021	TR	8479100000	796	147034,36	10960	1	26000 - РЕСПУБЛИКА ИНГУШЕТИЯ	08-СЕВЕРО-КАВКАЗСКИЙ ФЕДЕРАЛЬНЫЙ ОКРУГ
ИМ	06/2021	IT	8479908000		7163,69	91	0	26000 - РЕСПУБЛИКА ИНГУШЕТИЯ	08-СЕВЕРО-КАВКАЗСКИЙ ФЕДЕРАЛЬНЫЙ ОКРУГ
ИМ	04/2021	EG	1515199000		1747,61	1020	0	26000 - РЕСПУБЛИКА ИНГУШЕТИЯ	08-СЕВЕРО-КАВКАЗСКИЙ ФЕДЕРАЛЬНЫЙ ОКРУГ
ЭК	08/2021	GE	1101001500		21177,5	86000	0	26000 - РЕСПУБЛИКА ИНГУШЕТИЯ	08-СЕВЕРО-КАВКАЗСКИЙ ФЕДЕРАЛЬНЫЙ ОКРУГ
ЭК	11/2021	AF	1101001500		192300	640000	0	26000 - РЕСПУБЛИКА ИНГУШЕТИЯ	08-СЕВЕРО-КАВКАЗСКИЙ ФЕДЕРАЛЬНЫЙ ОКРУГ
ИМ	12/2021	TR	2828900000		2036,08	2167,56	0	26000 - РЕСПУБЛИКА ИНГУШЕТИЯ	08-СЕВЕРО-КАВКАЗСКИЙ ФЕДЕРАЛЬНЫЙ ОКРУГ
ИМ	09/2021	TR	3402209000		26613,16	28113,3	0	26000 - РЕСПУБЛИКА ИНГУШЕТИЯ	08-СЕВЕРО-КАВКАЗСКИЙ ФЕДЕРАЛЬНЫЙ ОКРУГ
ИМ	07/2021	TR	3402209000		22807,2	22505,21	0	26000 - РЕСПУБЛИКА ИНГУШЕТИЯ	08-СЕВЕРО-КАВКАЗСКИЙ ФЕДЕРАЛЬНЫЙ ОКРУГ
ИМ	10/2021	TR	3401110009		4171,58	2035,12	0	26000 - РЕСПУБЛИКА ИНГУШЕТИЯ	08-СЕВЕРО-КАВКАЗСКИЙ ФЕДЕРАЛЬНЫЙ ОКРУГ